Date,Fatalities
01/01/1997,0
04/01/1997,7
07/01/1997,0
08/01/1997,0
12/01/1997,300
13/01/1997,0
14/01/1997,432
15/01/1997,0
16/01/1997,0
17/01/1997,0
18/01/1997,0
19/01/1997,451
20/01/1997,0
21/01/1997,12
22/01/1997,159
23/01/1997,158
24/01/1997,13
25/01/1997,17
26/01/1997,11
28/01/1997,300
30/01/1997,0
19/02/1997,19
21/02/1997,57
22/02/1997,0
23/02/1997,10
05/03/1997,8
07/03/1997,0
09/03/1997,0
10/03/1997,4
11/03/1997,102
12/03/1997,7
13/03/1997,0
14/03/1997,0
15/03/1997,3
16/03/1997,3
17/03/1997,0
20/03/1997,0
21/03/1997,0
22/03/1997,0
23/03/1997,0
24/03/1997,100
26/03/1997,0
27/03/1997,220
31/03/1997,70
03/04/1997,10
04/04/1997,0
05/04/1997,0
07/04/1997,0
08/04/1997,0
09/04/1997,57
10/04/1997,0
13/04/1997,0
14/04/1997,0
15/04/1997,300
16/04/1997,300
17/04/1997,10
18/04/1997,0
20/04/1997,0
21/04/1997,0
23/04/1997,20
29/04/1997,0
01/05/1997,0
03/05/1997,26
05/05/1997,0
06/05/1997,0
11/05/1997,3
12/05/1997,0
13/05/1997,0
15/05/1997,0
24/05/1997,0
25/05/1997,3
04/06/1997,0
05/06/1997,2
09/06/1997,743
12/06/1997,0
14/06/1997,142
21/06/1997,0
25/06/1997,0
28/06/1997,0
29/06/1997,0
30/06/1997,0
03/07/1997,111
08/07/1997,2
10/07/1997,0
13/07/1997,69
16/07/1997,10
17/07/1997,19
18/07/1997,10
19/07/1997,7
23/07/1997,6
25/07/1997,0
26/07/1997,0
28/07/1997,5
01/08/1997,0
04/08/1997,0
05/08/1997,0
06/08/1997,0
07/08/1997,400
08/08/1997,2
12/08/1997,1
19/08/1997,6
26/08/1997,17
28/08/1997,4
31/08/1997,0
07/09/1997,17
10/09/1997,10
15/09/1997,101
04/10/1997,23
05/10/1997,20
08/10/1997,3
13/10/1997,10
15/10/1997,27
19/10/1997,0
30/10/1997,11
01/11/1997,2
03/11/1997,0
09/11/1997,0
12/11/1997,0
13/11/1997,31
14/11/1997,1
19/11/1997,0
20/11/1997,0
22/11/1997,1
01/12/1997,0
02/12/1997,0
03/12/1997,9
05/12/1997,96
08/12/1997,0
09/12/1997,0
16/12/1997,0
19/12/1997,0
22/12/1997,0
01/01/1998,0
09/01/1998,2
10/01/1998,2
11/01/1998,0
12/01/1998,0
13/01/1998,0
14/01/1998,0
15/01/1998,0
16/01/1998,0
17/01/1998,41
20/01/1998,0
26/01/1998,10
28/01/1998,0
29/01/1998,0
30/01/1998,40
31/01/1998,40
01/02/1998,15
02/02/1998,2
07/02/1998,91
08/02/1998,10
15/02/1998,0
23/02/1998,28
26/02/1998,80
01/03/1998,0
03/03/1998,0
05/03/1998,12
15/03/1998,23
19/03/1998,0
25/03/1998,45
01/04/1998,20
03/04/1998,25
04/04/1998,5
05/04/1998,74
09/04/1998,22
10/04/1998,0
11/04/1998,13
13/04/1998,0
15/04/1998,100
30/04/1998,0
02/05/1998,0
04/05/1998,0
05/05/1998,47
06/05/1998,0
07/05/1998,0
08/05/1998,0
10/05/1998,200
14/05/1998,9
16/05/1998,4
19/05/1998,30
22/05/1998,20
28/05/1998,100
29/05/1998,100
30/05/1998,100
02/06/1998,97
03/06/1998,0
04/06/1998,0
05/06/1998,10
06/06/1998,15
09/06/1998,3
10/06/1998,20
12/06/1998,0
14/06/1998,0
15/06/1998,107
16/06/1998,0
18/06/1998,28
19/06/1998,56
26/06/1998,2
27/06/1998,2
30/06/1998,0
01/07/1998,0
05/07/1998,0
06/07/1998,0
08/07/1998,19
12/07/1998,97
13/07/1998,98
14/07/1998,98
15/07/1998,101
16/07/1998,0
23/07/1998,93
24/07/1998,10
28/07/1998,30
02/08/1998,48
04/08/1998,1
07/08/1998,2
09/08/1998,0
18/08/1998,3
20/08/1998,0
21/08/1998,0
22/08/1998,0
23/08/1998,201
07/09/1998,200
10/09/1998,22
13/09/1998,1
14/09/1998,106
15/09/1998,53
16/09/1998,40
17/09/1998,0
18/09/1998,2
19/09/1998,0
20/09/1998,0
21/09/1998,1
24/09/1998,40
27/09/1998,0
28/09/1998,0
30/09/1998,65
01/10/1998,75
02/10/1998,600
05/10/1998,10
07/10/1998,50
08/10/1998,10
15/10/1998,81
17/10/1998,0
18/10/1998,0
19/10/1998,0
23/10/1998,3
24/10/1998,20
02/11/1998,2
05/11/1998,1
08/11/1998,34
11/11/1998,3
12/11/1998,3
13/11/1998,3
14/11/1998,3
15/11/1998,3
16/11/1998,3
17/11/1998,5
18/11/1998,4
19/11/1998,4
20/11/1998,4
21/11/1998,4
22/11/1998,4
23/11/1998,3
01/12/1998,18
02/12/1998,50
03/12/1998,2
04/12/1998,2
05/12/1998,2
06/12/1998,12
07/12/1998,2
08/12/1998,8
09/12/1998,2
11/12/1998,2
15/12/1998,0
17/12/1998,0
22/12/1998,0
23/12/1998,0
24/12/1998,7
27/12/1998,0
28/12/1998,8
29/12/1998,9
30/12/1998,9
01/01/1999,0
08/01/1999,10
09/01/1999,48
10/01/1999,0
11/01/1999,6
12/01/1999,0
13/01/1999,14
17/01/1999,18
19/01/1999,27
22/01/1999,19
23/01/1999,1
24/01/1999,3
25/01/1999,0
26/01/1999,147
27/01/1999,69
01/02/1999,0
03/02/1999,45
04/02/1999,42
05/02/1999,0
06/02/1999,0
08/02/1999,0
10/02/1999,27
11/02/1999,7
15/02/1999,100
18/02/1999,1
23/02/1999,1
26/02/1999,30
02/03/1999,0
05/03/1999,0
13/03/1999,0
15/03/1999,1
25/03/1999,15
26/03/1999,208
27/03/1999,209
30/03/1999,3
31/03/1999,0
01/04/1999,4
02/04/1999,0
03/04/1999,4
04/04/1999,2
05/04/1999,0
08/04/1999,132
10/04/1999,0
11/04/1999,153
12/04/1999,0
13/04/1999,120
15/04/1999,10
16/04/1999,0
21/04/1999,4
26/04/1999,0
27/04/1999,0
28/04/1999,0
01/05/1999,0
02/05/1999,0
03/05/1999,0
04/05/1999,16
05/05/1999,90
06/05/1999,10
07/05/1999,0
08/05/1999,4
09/05/1999,26
11/05/1999,0
13/05/1999,25
15/05/1999,0
16/05/1999,1
17/05/1999,0
18/05/1999,1
21/05/1999,0
22/05/1999,17
23/05/1999,7
24/05/1999,0
25/05/1999,0
26/05/1999,45
29/05/1999,0
30/05/1999,0
01/06/1999,0
02/06/1999,3
03/06/1999,40
04/06/1999,0
20/06/1999,0
23/06/1999,0
25/06/1999,34
27/06/1999,0
01/07/1999,192
03/07/1999,0
04/07/1999,0
05/07/1999,109
07/07/1999,30
09/07/1999,41
10/07/1999,0
12/07/1999,64
14/07/1999,11
15/07/1999,1
16/07/1999,1
17/07/1999,1
18/07/1999,2
19/07/1999,2
20/07/1999,2
23/07/1999,0
28/07/1999,0
01/08/1999,0
04/08/1999,0
10/08/1999,0
11/08/1999,0
12/08/1999,0
17/08/1999,0
22/08/1999,4
02/09/1999,5
03/09/1999,5
10/09/1999,1
12/09/1999,10
13/09/1999,10
15/09/1999,0
17/09/1999,0
19/09/1999,0
20/09/1999,0
21/09/1999,0
23/09/1999,5
25/09/1999,0
27/09/1999,0
28/09/1999,0
01/10/1999,0
18/10/1999,0
20/10/1999,0
21/10/1999,0
22/10/1999,41
23/10/1999,41
31/10/1999,40
03/11/1999,11
26/11/1999,0
08/12/1999,11
10/12/1999,0
13/12/1999,0
02/01/2000,2
06/01/2000,6
08/01/2000,2
14/01/2000,8
15/01/2000,0
16/01/2000,0
25/01/2000,0
26/01/2000,10
01/02/2000,13
02/02/2000,24
05/02/2000,10
06/02/2000,10
08/02/2000,6
09/02/2000,0
11/02/2000,16
15/02/2000,4
29/02/2000,0
01/03/2000,3
02/03/2000,3
04/03/2000,2
05/03/2000,0
07/03/2000,0
08/03/2000,0
14/03/2000,1
15/03/2000,10
16/03/2000,0
17/03/2000,10
18/03/2000,10
19/03/2000,10
20/03/2000,10
21/03/2000,10
22/03/2000,10
23/03/2000,0
24/03/2000,0
25/03/2000,1
27/03/2000,3
28/03/2000,2
30/03/2000,101
02/04/2000,0
03/04/2000,0
04/04/2000,0
05/04/2000,0
08/04/2000,80
12/04/2000,20
16/04/2000,0
25/04/2000,13
26/04/2000,10
27/04/2000,0
29/04/2000,2
30/04/2000,0
01/05/2000,1
02/05/2000,1
04/05/2000,0
12/05/2000,0
25/05/2000,30
29/05/2000,60
30/05/2000,60
01/06/2000,60
02/06/2000,60
03/06/2000,60
11/06/2000,98
12/06/2000,99
13/06/2000,7
15/06/2000,0
17/06/2000,55
18/06/2000,221
19/06/2000,138
20/06/2000,138
21/06/2000,66
22/06/2000,66
23/06/2000,66
24/06/2000,66
02/07/2000,2
04/07/2000,185
06/07/2000,31
07/07/2000,15
08/07/2000,0
11/07/2000,46
12/07/2000,46
15/07/2000,0
16/07/2000,8
21/07/2000,20
22/07/2000,0
27/07/2000,0
28/07/2000,70
29/07/2000,70
30/07/2000,0
31/07/2000,17
01/08/2000,0
02/08/2000,0
03/08/2000,0
07/08/2000,8
08/08/2000,0
09/08/2000,10
14/08/2000,0
19/08/2000,2
20/08/2000,0
21/08/2000,0
22/08/2000,0
24/08/2000,0
28/08/2000,0
29/08/2000,0
31/08/2000,125
01/09/2000,125
10/09/2000,227
11/09/2000,0
12/09/2000,10
13/09/2000,1
14/09/2000,0
17/09/2000,2
18/09/2000,1
19/09/2000,0
24/09/2000,0
25/09/2000,100
28/09/2000,0
02/10/2000,10
05/10/2000,0
08/10/2000,0
09/10/2000,1
10/10/2000,0
11/10/2000,0
12/10/2000,0
18/10/2000,0
22/10/2000,0
23/10/2000,0
25/10/2000,18
26/10/2000,18
27/10/2000,17
05/11/2000,0
06/11/2000,0
08/11/2000,62
09/11/2000,7
20/11/2000,18
23/11/2000,0
24/11/2000,0
25/11/2000,5
27/11/2000,4
02/12/2000,0
04/12/2000,4
08/12/2000,23
11/12/2000,8
13/12/2000,5
20/12/2000,0
22/12/2000,1
23/12/2000,10
24/12/2000,10
29/12/2000,0
01/01/2001,11
10/01/2001,120
12/01/2001,220
13/01/2001,210
14/01/2001,210
17/01/2001,0
20/01/2001,0
23/01/2001,0
26/01/2001,6
27/01/2001,6
28/01/2001,17
30/01/2001,7
31/01/2001,0
05/02/2001,30
06/02/2001,7
10/02/2001,7
20/02/2001,0
21/02/2001,0
25/02/2001,0
26/02/2001,0
02/03/2001,0
08/03/2001,2
18/03/2001,0
22/03/2001,4
28/03/2001,0
11/04/2001,0
13/04/2001,70
15/04/2001,0
16/04/2001,188
17/04/2001,0
18/04/2001,100
19/04/2001,100
20/04/2001,100
21/04/2001,100
22/04/2001,100
24/04/2001,0
06/05/2001,60
08/05/2001,0
09/05/2001,1
16/05/2001,0
19/05/2001,1
22/05/2001,300
23/05/2001,5
24/05/2001,1
25/05/2001,0
28/05/2001,10
29/05/2001,420
30/05/2001,0
02/06/2001,10
03/06/2001,10
06/06/2001,2
08/06/2001,244
09/06/2001,0
10/06/2001,0
14/06/2001,0
15/06/2001,0
17/06/2001,10
19/06/2001,7
20/06/2001,26
23/06/2001,165
24/06/2001,10
27/06/2001,100
29/06/2001,0
01/07/2001,1
02/07/2001,16
03/07/2001,16
04/07/2001,16
07/07/2001,10
11/07/2001,0
12/07/2001,0
13/07/2001,0
14/07/2001,4
18/07/2001,0
20/07/2001,0
22/07/2001,1
23/07/2001,4
24/07/2001,0
03/08/2001,23
05/08/2001,20
08/08/2001,9
09/08/2001,42
11/08/2001,10
12/08/2001,0
15/08/2001,0
16/08/2001,15
19/08/2001,15
26/08/2001,0
27/08/2001,0
30/08/2001,0
31/08/2001,0
01/09/2001,1
02/09/2001,6
08/09/2001,0
10/09/2001,50
11/09/2001,50
12/09/2001,50
19/09/2001,2
20/09/2001,25
21/09/2001,0
25/09/2001,4
01/10/2001,5
02/10/2001,0
03/10/2001,29
05/10/2001,0
06/10/2001,1
08/10/2001,0
09/10/2001,0
11/10/2001,0
12/10/2001,67
13/10/2001,54
14/10/2001,0
15/10/2001,54
16/10/2001,54
17/10/2001,54
18/10/2001,53
19/10/2001,60
20/10/2001,73
21/10/2001,0
29/10/2001,10
02/11/2001,0
12/11/2001,0
15/11/2001,0
18/11/2001,10
20/11/2001,100
21/11/2001,0
22/11/2001,0
23/11/2001,3
24/11/2001,0
26/11/2001,2
28/11/2001,0
29/11/2001,0
30/11/2001,0
03/12/2001,0
04/12/2001,130
05/12/2001,0
06/12/2001,0
07/12/2001,7
09/12/2001,124
23/12/2001,0
05/01/2002,2
11/01/2002,18
12/01/2002,18
13/01/2002,18
14/01/2002,321
15/01/2002,0
19/01/2002,12
22/01/2002,6
23/01/2002,73
24/01/2002,0
25/01/2002,102
26/01/2002,0
27/01/2002,102
28/01/2002,0
03/02/2002,0
07/02/2002,5
08/02/2002,1
09/02/2002,0
10/02/2002,7
20/02/2002,17
22/02/2002,0
23/02/2002,80
26/02/2002,0
01/03/2002,84
02/03/2002,4
03/03/2002,6
04/03/2002,4
05/03/2002,2
11/03/2002,0
12/03/2002,0
18/03/2002,0
20/03/2002,52
21/03/2002,16
23/03/2002,22
28/03/2002,0
29/03/2002,300
30/03/2002,0
01/04/2002,4
08/04/2002,0
11/04/2002,10
12/04/2002,2
14/04/2002,6
15/04/2002,0
16/04/2002,10
17/04/2002,10
18/04/2002,34
20/04/2002,33
21/04/2002,33
22/04/2002,33
23/04/2002,59
24/04/2002,33
25/04/2002,33
26/04/2002,153
27/04/2002,34
28/04/2002,51
29/04/2002,52
30/04/2002,66
01/05/2002,359
02/05/2002,86
03/05/2002,292
04/05/2002,9
11/05/2002,0
12/05/2002,0
13/05/2002,0
14/05/2002,0
15/05/2002,5
18/05/2002,0
19/05/2002,21
21/05/2002,70
22/05/2002,18
24/05/2002,10
25/05/2002,20
26/05/2002,10
27/05/2002,0
29/05/2002,10
01/06/2002,10
05/06/2002,131
06/06/2002,9
07/06/2002,213
08/06/2002,106
09/06/2002,107
10/06/2002,0
11/06/2002,0
12/06/2002,0
13/06/2002,0
14/06/2002,0
15/06/2002,11
16/06/2002,0
17/06/2002,62
18/06/2002,10
19/06/2002,106
25/06/2002,4
26/06/2002,2
27/06/2002,10
28/06/2002,10
29/06/2002,10
30/06/2002,10
01/07/2002,5
02/07/2002,20
03/07/2002,0
04/07/2002,0
05/07/2002,0
06/07/2002,3
07/07/2002,2
08/07/2002,2
09/07/2002,1
10/07/2002,1
12/07/2002,0
14/07/2002,57
15/07/2002,2
16/07/2002,10
23/07/2002,0
26/07/2002,410
27/07/2002,400
28/07/2002,10
29/07/2002,203
30/07/2002,500
31/07/2002,500
01/08/2002,0
02/08/2002,9
03/08/2002,0
07/08/2002,0
08/08/2002,0
09/08/2002,0
12/08/2002,2
15/08/2002,2
21/08/2002,30
24/08/2002,1
28/08/2002,0
30/08/2002,0
31/08/2002,0
01/09/2002,0
03/09/2002,2
04/09/2002,0
05/09/2002,0
06/09/2002,0
09/09/2002,2
14/09/2002,0
15/09/2002,75
16/09/2002,54
18/09/2002,0
19/09/2002,22
20/09/2002,9
21/09/2002,193
22/09/2002,167
23/09/2002,1177
24/09/2002,1210
25/09/2002,166
26/09/2002,169
27/09/2002,0
28/09/2002,0
29/09/2002,22
01/10/2002,0
02/10/2002,0
03/10/2002,0
04/10/2002,0
05/10/2002,0
06/10/2002,0
07/10/2002,14
08/10/2002,5
09/10/2002,10
13/10/2002,0
15/10/2002,0
16/10/2002,0
21/10/2002,10
22/10/2002,0
23/10/2002,0
24/10/2002,20
01/11/2002,76
02/11/2002,0
03/11/2002,0
05/11/2002,4
12/11/2002,0
13/11/2002,0
21/11/2002,8
27/11/2002,0
02/12/2002,3
04/12/2002,8
15/12/2002,25
23/12/2002,20
30/12/2002,0
31/12/2002,38
01/01/2003,4
02/01/2003,2
03/01/2003,1
04/01/2003,1
05/01/2003,1
11/01/2003,10
21/01/2003,2
23/01/2003,1
24/01/2003,0
26/01/2003,0
27/01/2003,0
28/01/2003,0
31/01/2003,43
02/02/2003,13
16/02/2003,0
18/02/2003,5
26/02/2003,4
27/02/2003,4
28/02/2003,5
05/03/2003,0
08/03/2003,0
10/03/2003,0
15/03/2003,195
18/03/2003,0
19/03/2003,0
20/03/2003,1
24/03/2003,0
26/03/2003,56
27/03/2003,4
29/03/2003,10
30/03/2003,0
23/04/2003,244
25/04/2003,10
26/04/2003,44
08/05/2003,10
09/05/2003,10
10/05/2003,0
11/05/2003,0
12/05/2003,2
14/05/2003,20
17/05/2003,4
20/05/2003,9
23/05/2003,75
24/05/2003,10
27/05/2003,500
28/05/2003,0
02/06/2003,0
04/06/2003,10
09/06/2003,0
15/06/2003,0
19/06/2003,20
21/06/2003,0
07/07/2003,8
09/07/2003,30
10/07/2003,30
11/07/2003,30
12/07/2003,45
13/07/2003,30
14/07/2003,251
15/07/2003,0
16/07/2003,325
18/07/2003,100
19/07/2003,106
20/07/2003,104
22/07/2003,0
23/07/2003,0
24/07/2003,16
26/07/2003,582
28/07/2003,300
29/07/2003,0
30/07/2003,0
31/07/2003,0
01/08/2003,525
03/08/2003,300
04/08/2003,300
05/08/2003,305
06/08/2003,5
15/08/2003,36
16/08/2003,20
19/08/2003,18
20/08/2003,0
24/08/2003,46
25/08/2003,23
26/08/2003,300
29/08/2003,0
30/08/2003,16
31/08/2003,24
01/09/2003,0
03/09/2003,18
04/09/2003,0
06/09/2003,2
08/09/2003,0
12/09/2003,156
13/09/2003,16
22/09/2003,0
24/09/2003,0
03/10/2003,8
04/10/2003,27
08/10/2003,108
09/10/2003,0
12/10/2003,24
14/10/2003,1
15/10/2003,2
16/10/2003,30
17/10/2003,0
18/10/2003,100
19/10/2003,18
22/10/2003,0
29/10/2003,30
01/11/2003,0
02/11/2003,0
03/11/2003,20
05/11/2003,88
08/11/2003,19
09/11/2003,49
11/11/2003,0
12/11/2003,21
13/11/2003,0
15/11/2003,22
18/11/2003,2
19/11/2003,42
21/11/2003,16
24/11/2003,36
25/11/2003,37
26/11/2003,58
27/11/2003,252
28/11/2003,37
01/12/2003,47
03/12/2003,257
05/12/2003,720
06/12/2003,20
07/12/2003,43
08/12/2003,20
11/12/2003,111
13/12/2003,38
15/12/2003,29
20/12/2003,50
22/12/2003,84
25/12/2003,100
26/12/2003,10
28/12/2003,24
29/12/2003,162
01/01/2004,16
02/01/2004,200
03/01/2004,6
05/01/2004,1
07/01/2004,25
08/01/2004,25
09/01/2004,25
10/01/2004,25
12/01/2004,35
13/01/2004,0
14/01/2004,525
15/01/2004,553
16/01/2004,25
17/01/2004,504
18/01/2004,25
20/01/2004,1
21/01/2004,582
23/01/2004,0
24/01/2004,1142
25/01/2004,0
26/01/2004,0
27/01/2004,8
28/01/2004,0
29/01/2004,10
30/01/2004,775
06/02/2004,7
07/02/2004,38
09/02/2004,0
10/02/2004,108
11/02/2004,68
12/02/2004,6
13/02/2004,6
14/02/2004,0
15/02/2004,26
16/02/2004,59
17/02/2004,150
21/02/2004,0
24/02/2004,50
26/02/2004,27
27/02/2004,80
28/02/2004,102
29/02/2004,92
02/03/2004,127
03/03/2004,342
05/03/2004,145
06/03/2004,15
07/03/2004,12
08/03/2004,0
09/03/2004,0
10/03/2004,6
11/03/2004,0
12/03/2004,6
13/03/2004,12
14/03/2004,8
15/03/2004,100
16/03/2004,3
17/03/2004,0
18/03/2004,67
19/03/2004,111
20/03/2004,113
21/03/2004,111
22/03/2004,6
24/03/2004,0
27/03/2004,31
28/03/2004,20
29/03/2004,24
30/03/2004,0
31/03/2004,0
02/04/2004,0
03/04/2004,0
04/04/2004,0
06/04/2004,2
07/04/2004,200
10/04/2004,0
12/04/2004,0
13/04/2004,32
14/04/2004,13
17/04/2004,4
20/04/2004,0
21/04/2004,16
24/04/2004,0
27/04/2004,1
28/04/2004,1
01/05/2004,0
03/05/2004,0
05/05/2004,0
06/05/2004,30
08/05/2004,6
09/05/2004,365
10/05/2004,136
11/05/2004,136
12/05/2004,136
13/05/2004,54
15/05/2004,0
18/05/2004,0
19/05/2004,0
20/05/2004,45
22/05/2004,56
26/05/2004,70
28/05/2004,12
29/05/2004,24
30/05/2004,0
31/05/2004,24
01/06/2004,0
02/06/2004,0
03/06/2004,0
04/06/2004,15
05/06/2004,24
06/06/2004,10
08/06/2004,41
09/06/2004,0
12/06/2004,10
13/06/2004,10
15/06/2004,0
16/06/2004,10
19/06/2004,0
20/06/2004,16
21/06/2004,6
23/06/2004,156
24/06/2004,156
25/06/2004,156
30/06/2004,10
01/07/2004,8
03/07/2004,10
04/07/2004,95
05/07/2004,80
06/07/2004,0
07/07/2004,73
10/07/2004,0
12/07/2004,182
13/07/2004,80
14/07/2004,77
15/07/2004,17
17/07/2004,2
18/07/2004,0
19/07/2004,57
20/07/2004,0
21/07/2004,49
22/07/2004,0
23/07/2004,0
24/07/2004,100
25/07/2004,100
26/07/2004,320
28/07/2004,0
30/07/2004,39
31/07/2004,143
01/08/2004,28
02/08/2004,41
04/08/2004,0
06/08/2004,0
07/08/2004,80
10/08/2004,0
11/08/2004,0
12/08/2004,1
13/08/2004,1
14/08/2004,0
16/08/2004,2
22/08/2004,57
24/08/2004,13
25/08/2004,66
26/08/2004,13
27/08/2004,0
28/08/2004,28
29/08/2004,28
30/08/2004,0
31/08/2004,0
01/09/2004,0
02/09/2004,100
03/09/2004,103
04/09/2004,111
08/09/2004,0
10/09/2004,0
11/09/2004,1
12/09/2004,6
13/09/2004,6
14/09/2004,5
15/09/2004,4
16/09/2004,0
18/09/2004,30
20/09/2004,12
22/09/2004,0
24/09/2004,0
26/09/2004,0
29/09/2004,0
02/10/2004,0
03/10/2004,7
06/10/2004,8
07/10/2004,0
08/10/2004,46
09/10/2004,6
10/10/2004,2
11/10/2004,11
12/10/2004,3
13/10/2004,3
14/10/2004,0
15/10/2004,2
16/10/2004,22
17/10/2004,0
21/10/2004,0
22/10/2004,0
26/10/2004,13
27/10/2004,13
28/10/2004,0
29/10/2004,0
30/10/2004,0
01/11/2004,11
02/11/2004,1
03/11/2004,48
04/11/2004,0
05/11/2004,0
06/11/2004,6
07/11/2004,14
09/11/2004,0
10/11/2004,0
11/11/2004,0
12/11/2004,2
13/11/2004,0
14/11/2004,0
15/11/2004,0
16/11/2004,0
19/11/2004,0
21/11/2004,10
22/11/2004,61
24/11/2004,25
27/11/2004,26
29/11/2004,37
30/11/2004,155
01/12/2004,14
02/12/2004,6
04/12/2004,0
05/12/2004,0
06/12/2004,17
07/12/2004,0
08/12/2004,0
09/12/2004,0
10/12/2004,0
11/12/2004,2
12/12/2004,2
13/12/2004,0
14/12/2004,20
15/12/2004,2
16/12/2004,0
17/12/2004,1
18/12/2004,5
29/12/2004,99
30/12/2004,13
03/01/2005,44
05/01/2005,12
06/01/2005,2
09/01/2005,0
10/01/2005,10
11/01/2005,10
12/01/2005,0
13/01/2005,11
14/01/2005,0
15/01/2005,0
19/01/2005,125
20/01/2005,0
21/01/2005,37
22/01/2005,0
23/01/2005,0
26/01/2005,100
27/01/2005,3
28/01/2005,3
29/01/2005,21
30/01/2005,0
01/02/2005,2
02/02/2005,9
03/02/2005,0
04/02/2005,0
05/02/2005,0
07/02/2005,0
08/02/2005,0
09/02/2005,6
10/02/2005,2
11/02/2005,2
14/02/2005,0
15/02/2005,0
16/02/2005,0
17/02/2005,3
19/02/2005,3
21/02/2005,13
22/02/2005,0
23/02/2005,46
25/02/2005,0
26/02/2005,3
04/03/2005,1
05/03/2005,0
06/03/2005,0
07/03/2005,0
08/03/2005,0
10/03/2005,0
12/03/2005,0
13/03/2005,4
14/03/2005,5
15/03/2005,0
16/03/2005,1
17/03/2005,8
18/03/2005,0
20/03/2005,0
21/03/2005,0
22/03/2005,0
23/03/2005,1
24/03/2005,0
26/03/2005,2
27/03/2005,2
29/03/2005,0
30/03/2005,0
31/03/2005,2
02/04/2005,0
03/04/2005,0
04/04/2005,0
05/04/2005,0
06/04/2005,0
07/04/2005,46
08/04/2005,0
09/04/2005,0
11/04/2005,1
12/04/2005,1
13/04/2005,7
14/04/2005,1
15/04/2005,1
16/04/2005,0
17/04/2005,7
20/04/2005,8
21/04/2005,1
23/04/2005,0
24/04/2005,75
25/04/2005,9
01/05/2005,1
02/05/2005,0
03/05/2005,2
04/05/2005,0
08/05/2005,2
11/05/2005,0
12/05/2005,2
15/05/2005,0
17/05/2005,12
18/05/2005,22
19/05/2005,1
23/05/2005,0
24/05/2005,0
26/05/2005,0
31/05/2005,1
03/06/2005,11
04/06/2005,0
09/06/2005,17
10/06/2005,0
17/06/2005,1
19/06/2005,0
20/06/2005,0
21/06/2005,4
22/06/2005,5
23/06/2005,0
24/06/2005,0
25/06/2005,1
27/06/2005,0
28/06/2005,0
02/07/2005,0
04/07/2005,1
06/07/2005,0
08/07/2005,5
11/07/2005,3
13/07/2005,0
15/07/2005,0
16/07/2005,10
18/07/2005,2
22/07/2005,0
23/07/2005,4
24/07/2005,7
26/07/2005,8
27/07/2005,7
01/08/2005,49
02/08/2005,45
03/08/2005,62
04/08/2005,25
07/08/2005,0
09/08/2005,1
12/08/2005,10
13/08/2005,4
14/08/2005,35
16/08/2005,62
17/08/2005,26
23/08/2005,0
24/08/2005,5
25/08/2005,45
01/09/2005,0
04/09/2005,0
07/09/2005,0
08/09/2005,12
09/09/2005,3
10/09/2005,1
11/09/2005,10
12/09/2005,13
13/09/2005,6
14/09/2005,0
15/09/2005,80
17/09/2005,17
18/09/2005,97
19/09/2005,29
20/09/2005,0
24/09/2005,34
25/09/2005,0
29/09/2005,0
03/10/2005,0
06/10/2005,29
07/10/2005,16
08/10/2005,7
09/10/2005,20
10/10/2005,0
14/10/2005,2
15/10/2005,6
16/10/2005,7
17/10/2005,0
18/10/2005,16
26/10/2005,1
28/10/2005,0
31/10/2005,2
02/11/2005,3
05/11/2005,1
06/11/2005,18
07/11/2005,18
08/11/2005,0
09/11/2005,5
11/11/2005,62
14/11/2005,20
16/11/2005,0
19/11/2005,25
20/11/2005,5
21/11/2005,8
29/11/2005,37
30/11/2005,3
01/12/2005,1
03/12/2005,10
04/12/2005,0
06/12/2005,6
09/12/2005,62
11/12/2005,4
17/12/2005,10
19/12/2005,20
21/12/2005,0
25/12/2005,12
02/01/2006,8
07/01/2006,1
08/01/2006,2
11/01/2006,2
12/01/2006,0
20/01/2006,0
23/01/2006,0
24/01/2006,0
25/01/2006,0
27/01/2006,0
28/01/2006,85
29/01/2006,5
30/01/2006,0
01/02/2006,0
03/02/2006,0
04/02/2006,0
06/02/2006,7
07/02/2006,0
08/02/2006,0
12/02/2006,15
13/02/2006,2
14/02/2006,0
15/02/2006,1
16/02/2006,4
24/02/2006,3
08/03/2006,13
11/03/2006,27
12/03/2006,12
14/03/2006,0
16/03/2006,1
18/03/2006,5
19/03/2006,0
22/03/2006,3
28/03/2006,0
08/04/2006,8
09/04/2006,6
10/04/2006,9
11/04/2006,24
12/04/2006,6
14/04/2006,0
17/04/2006,15
18/04/2006,0
19/04/2006,2
28/04/2006,0
08/05/2006,1
14/05/2006,5
15/05/2006,1
18/05/2006,100
20/05/2006,20
23/05/2006,0
29/05/2006,1
03/06/2006,0
05/06/2006,1
06/06/2006,2
11/06/2006,9
12/06/2006,9
13/06/2006,0
19/06/2006,4
24/06/2006,0
25/06/2006,4
27/06/2006,0
30/06/2006,1
01/07/2006,72
03/07/2006,6
05/07/2006,6
13/07/2006,1
14/07/2006,1
18/07/2006,60
19/07/2006,1
21/07/2006,3
22/07/2006,15
24/07/2006,0
27/07/2006,1
29/07/2006,0
03/08/2006,0
04/08/2006,0
07/08/2006,0
08/08/2006,0
15/08/2006,10
16/08/2006,1
17/08/2006,0
19/08/2006,2
26/08/2006,0
29/08/2006,0
30/08/2006,1
31/08/2006,0
01/09/2006,1
06/09/2006,1
10/09/2006,0
11/09/2006,0
12/09/2006,0
13/09/2006,0
20/09/2006,0
28/09/2006,0
30/09/2006,0
02/10/2006,40
04/10/2006,2
06/10/2006,0
08/10/2006,0
10/10/2006,8
11/10/2006,45
14/10/2006,1
15/10/2006,0
16/10/2006,72
17/10/2006,1
18/10/2006,0
19/10/2006,38
22/10/2006,0
25/10/2006,2
28/10/2006,5
29/10/2006,74
30/10/2006,0
02/11/2006,0
03/11/2006,0
04/11/2006,0
05/11/2006,0
06/11/2006,0
09/11/2006,0
10/11/2006,0
11/11/2006,24
12/11/2006,26
13/11/2006,30
15/11/2006,85
16/11/2006,50
17/11/2006,10
19/11/2006,0
20/11/2006,10
21/11/2006,10
23/11/2006,0
24/11/2006,17
27/11/2006,0
28/11/2006,32
30/11/2006,112
01/12/2006,0
04/12/2006,14
07/12/2006,100
09/12/2006,0
10/12/2006,31
11/12/2006,2
13/12/2006,5
15/12/2006,0
18/12/2006,4
19/12/2006,0
21/12/2006,200
23/12/2006,0
24/12/2006,1
26/12/2006,0
27/12/2006,0
30/12/2006,5
31/12/2006,0
01/01/2007,8
02/01/2007,8
03/01/2007,12
07/01/2007,4
09/01/2007,42
12/01/2007,0
16/01/2007,0
19/01/2007,0
20/01/2007,17
27/01/2007,1
29/01/2007,6
30/01/2007,12
01/02/2007,1
04/02/2007,6
05/02/2007,7
10/02/2007,6
11/02/2007,0
12/02/2007,0
13/02/2007,11
15/02/2007,0
16/02/2007,70
17/02/2007,10
20/02/2007,0
23/02/2007,0
01/03/2007,10
06/03/2007,2
09/03/2007,10
10/03/2007,100
15/03/2007,0
18/03/2007,1
24/03/2007,10
26/03/2007,1
01/04/2007,60
02/04/2007,8
04/04/2007,0
09/04/2007,34
10/04/2007,1
15/04/2007,17
17/04/2007,73
18/04/2007,0
19/04/2007,0
21/04/2007,0
23/04/2007,0
28/04/2007,0
30/04/2007,7
05/05/2007,54
10/05/2007,100
21/05/2007,1
23/05/2007,8
26/05/2007,1
29/05/2007,0
30/05/2007,0
17/06/2007,1
18/06/2007,16
21/06/2007,11
01/07/2007,56
03/07/2007,0
04/07/2007,400
02/08/2007,100
08/08/2007,0
10/08/2007,80
12/08/2007,52
16/08/2007,170
20/08/2007,1
21/08/2007,0
27/08/2007,0
29/08/2007,15
30/08/2007,0
01/09/2007,41
05/09/2007,1
07/09/2007,0
09/09/2007,0
10/09/2007,7
12/09/2007,6
15/09/2007,0
19/09/2007,45
22/09/2007,0
27/09/2007,85
28/09/2007,0
29/09/2007,10
30/09/2007,10
03/10/2007,8
04/10/2007,10
05/10/2007,0
08/10/2007,101
09/10/2007,40
10/10/2007,0
12/10/2007,1
15/10/2007,1
16/10/2007,2
17/10/2007,4
18/10/2007,2
19/10/2007,2
20/10/2007,0
22/10/2007,0
23/10/2007,20
24/10/2007,2
29/10/2007,0
12/11/2007,5
13/11/2007,0
15/11/2007,0
22/11/2007,0
28/11/2007,27
29/11/2007,7
11/12/2007,0
15/12/2007,0
16/12/2007,0
22/12/2007,70
27/12/2007,0
28/12/2007,0
29/12/2007,29
01/01/2008,2
02/01/2008,0
03/01/2008,0
04/01/2008,10
07/01/2008,0
08/01/2008,0
09/01/2008,0
11/01/2008,0
12/01/2008,0
13/01/2008,0
14/01/2008,0
15/01/2008,0
17/01/2008,0
21/01/2008,0
26/01/2008,0
29/01/2008,4
31/01/2008,4
01/02/2008,4
02/02/2008,34
04/02/2008,136
08/02/2008,115
10/02/2008,0
11/02/2008,0
12/02/2008,2
16/02/2008,40
17/02/2008,1
18/02/2008,0
19/02/2008,11
20/02/2008,24
24/02/2008,0
25/02/2008,0
26/02/2008,11
27/02/2008,0
28/02/2008,21
02/03/2008,12
04/03/2008,0
05/03/2008,0
08/03/2008,0
09/03/2008,0
10/03/2008,1
11/03/2008,0
12/03/2008,6
13/03/2008,1
15/03/2008,0
17/03/2008,0
18/03/2008,0
19/03/2008,0
20/03/2008,0
21/03/2008,0
22/03/2008,0
23/03/2008,0
25/03/2008,3
26/03/2008,4
30/03/2008,0
01/04/2008,1
02/04/2008,0
03/04/2008,0
06/04/2008,1
07/04/2008,2
08/04/2008,0
09/04/2008,0
10/04/2008,2
11/04/2008,1
12/04/2008,9
13/04/2008,0
15/04/2008,0
17/04/2008,10
21/04/2008,1
22/04/2008,95
23/04/2008,2
24/04/2008,1
25/04/2008,0
29/04/2008,0
01/05/2008,31
02/05/2008,3
03/05/2008,10
04/05/2008,0
05/05/2008,13
08/05/2008,20
10/05/2008,136
11/05/2008,0
12/05/2008,0
13/05/2008,1
14/05/2008,4
15/05/2008,0
17/05/2008,83
18/05/2008,0
19/05/2008,0
20/05/2008,0
21/05/2008,0
23/05/2008,0
28/05/2008,0
29/05/2008,1
30/05/2008,0
02/06/2008,2
04/06/2008,10
05/06/2008,10
06/06/2008,0
10/06/2008,21
12/06/2008,10
14/06/2008,2
15/06/2008,3
16/06/2008,3
18/06/2008,0
19/06/2008,0
20/06/2008,0
26/06/2008,0
27/06/2008,1
29/06/2008,1
30/06/2008,1
01/07/2008,16
02/07/2008,0
04/07/2008,0
07/07/2008,0
08/07/2008,19
09/07/2008,7
10/07/2008,0
13/07/2008,11
16/07/2008,1
18/07/2008,17
19/07/2008,1
20/07/2008,1
21/07/2008,1
23/07/2008,10
25/07/2008,3
27/07/2008,4
28/07/2008,160
29/07/2008,0
01/08/2008,16
02/08/2008,200
03/08/2008,1
05/08/2008,4
06/08/2008,15
07/08/2008,6
08/08/2008,0
09/08/2008,0
11/08/2008,0
13/08/2008,0
16/08/2008,2
18/08/2008,0
21/08/2008,91
22/08/2008,0
24/08/2008,0
25/08/2008,36
26/08/2008,0
28/08/2008,0
03/09/2008,0
05/09/2008,1
06/09/2008,72
07/09/2008,12
08/09/2008,0
10/09/2008,12
13/09/2008,0
14/09/2008,0
18/09/2008,3
21/09/2008,1
23/09/2008,1
02/10/2008,0
07/10/2008,0
09/10/2008,0
10/10/2008,0
12/10/2008,0
13/10/2008,23
18/10/2008,0
19/10/2008,0
05/11/2008,0
09/11/2008,0
10/11/2008,0
15/11/2008,0
16/11/2008,0
17/11/2008,0
19/11/2008,10
20/11/2008,30
26/11/2008,0
04/12/2008,0
08/12/2008,100
11/12/2008,3
12/12/2008,70
15/12/2008,17
16/12/2008,2
24/12/2008,200
26/12/2008,0
28/12/2008,1
01/01/2009,18
02/01/2009,4
04/01/2009,0
05/01/2009,55
07/01/2009,0
08/01/2009,53
09/01/2009,6
10/01/2009,4
11/01/2009,9
12/01/2009,24
14/01/2009,20
15/01/2009,316
16/01/2009,0
17/01/2009,12
18/01/2009,0
19/01/2009,11
20/01/2009,0
22/01/2009,0
23/01/2009,2
24/01/2009,0
26/01/2009,0
27/01/2009,0
28/01/2009,0
01/02/2009,0
02/02/2009,0
04/02/2009,0
06/02/2009,0
08/02/2009,0
09/02/2009,0
10/02/2009,30
11/02/2009,0
12/02/2009,0
14/02/2009,0
18/02/2009,5
19/02/2009,6
21/02/2009,2
23/02/2009,0
24/02/2009,152
25/02/2009,7
28/02/2009,5
02/03/2009,1
03/03/2009,2
04/03/2009,10
05/03/2009,56
06/03/2009,56
07/03/2009,56
08/03/2009,58
09/03/2009,56
10/03/2009,56
11/03/2009,58
12/03/2009,73
13/03/2009,4
14/03/2009,0
17/03/2009,0
19/03/2009,0
20/03/2009,0
21/03/2009,9
22/03/2009,0
23/03/2009,1
24/03/2009,0
25/03/2009,3
26/03/2009,0
28/03/2009,0
30/03/2009,2
31/03/2009,0
01/04/2009,4
02/04/2009,0
04/04/2009,0
08/04/2009,0
09/04/2009,10
10/04/2009,0
12/04/2009,0
14/04/2009,0
17/04/2009,20
18/04/2009,250
19/04/2009,0
25/04/2009,0
26/04/2009,1
27/04/2009,23
29/04/2009,0
30/04/2009,0
01/05/2009,0
02/05/2009,1
04/05/2009,0
06/05/2009,1
07/05/2009,1
08/05/2009,50
09/05/2009,0
10/05/2009,0
12/05/2009,3
13/05/2009,3
16/05/2009,0
17/05/2009,1
19/05/2009,1
22/05/2009,5
24/05/2009,63
26/05/2009,245
02/06/2009,0
07/06/2009,0
13/06/2009,40
15/06/2009,0
20/06/2009,3
25/06/2009,1
28/06/2009,8
29/06/2009,0
30/06/2009,0
03/07/2009,2
05/07/2009,0
06/07/2009,3
11/07/2009,0
15/07/2009,0
16/07/2009,0
17/07/2009,0
18/07/2009,0
21/07/2009,0
26/07/2009,0
29/07/2009,1
30/07/2009,1
31/07/2009,2
01/08/2009,161
02/08/2009,0
04/08/2009,1
07/08/2009,7
09/08/2009,30
11/08/2009,1
12/08/2009,5
13/08/2009,0
14/08/2009,0
15/08/2009,0
16/08/2009,10
18/08/2009,3
19/08/2009,1
20/08/2009,4
21/08/2009,7
23/08/2009,10
24/08/2009,3
28/08/2009,89
29/08/2009,0
31/08/2009,0
01/09/2009,0
02/09/2009,0
03/09/2009,0
04/09/2009,51
05/09/2009,0
06/09/2009,5
07/09/2009,11
10/09/2009,0
16/09/2009,0
18/09/2009,0
20/09/2009,102
22/09/2009,4
29/09/2009,1
30/09/2009,2
01/10/2009,0
02/10/2009,22
03/10/2009,39
04/10/2009,5
06/10/2009,9
07/10/2009,3
10/10/2009,10
11/10/2009,0
12/10/2009,7
15/10/2009,10
16/10/2009,23
17/10/2009,27
18/10/2009,7
19/10/2009,0
21/10/2009,11
22/10/2009,2
25/10/2009,0
26/10/2009,10
27/10/2009,0
01/11/2009,11
02/11/2009,6
05/11/2009,4
07/11/2009,1
10/11/2009,1
11/11/2009,32
12/11/2009,0
13/11/2009,9
14/11/2009,11
15/11/2009,5
16/11/2009,7
17/11/2009,47
26/11/2009,0
01/12/2009,0
04/12/2009,5
06/12/2009,1
07/12/2009,0
08/12/2009,0
10/12/2009,0
12/12/2009,15
14/12/2009,0
15/12/2009,2
17/12/2009,1
19/12/2009,3
21/12/2009,5
28/12/2009,5
29/12/2009,7
31/12/2009,17
03/01/2010,18
06/01/2010,139
11/01/2010,45
14/01/2010,0
16/01/2010,0
17/01/2010,18
18/01/2010,10
19/01/2010,0
21/01/2010,15
30/01/2010,15
01/02/2010,0
03/02/2010,1
04/02/2010,32
06/02/2010,0
07/02/2010,2
09/02/2010,0
10/02/2010,64
11/02/2010,64
12/02/2010,64
14/02/2010,2
16/02/2010,12
19/02/2010,0
20/02/2010,30
24/02/2010,0
26/02/2010,20
27/02/2010,19
28/02/2010,19
02/03/2010,1
03/03/2010,16
05/03/2010,5
07/03/2010,0
08/03/2010,0
10/03/2010,0
11/03/2010,3
12/03/2010,3
15/03/2010,3
17/03/2010,13
27/03/2010,0
29/03/2010,0
30/03/2010,0
31/03/2010,0
05/04/2010,0
06/04/2010,1
07/04/2010,1
08/04/2010,1
12/04/2010,0
14/04/2010,9
15/04/2010,100
19/04/2010,5
20/04/2010,0
21/04/2010,11
23/04/2010,63
27/04/2010,1
05/05/2010,26
07/05/2010,2
12/05/2010,0
13/05/2010,60
14/05/2010,5
15/05/2010,108
16/05/2010,3
17/05/2010,6
18/05/2010,0
21/05/2010,0
22/05/2010,6
23/05/2010,0
24/05/2010,4
26/05/2010,7
27/05/2010,1
29/05/2010,3
30/05/2010,0
31/05/2010,1
01/06/2010,9
02/06/2010,9
03/06/2010,19
04/06/2010,0
05/06/2010,1
06/06/2010,7
07/06/2010,24
08/06/2010,1
09/06/2010,3
12/06/2010,9
13/06/2010,8
14/06/2010,5
15/06/2010,34
16/06/2010,0
20/06/2010,10
21/06/2010,3
22/06/2010,18
28/06/2010,0
01/07/2010,30
03/07/2010,5
04/07/2010,5
05/07/2010,10
07/07/2010,0
08/07/2010,0
12/07/2010,0
15/07/2010,0
16/07/2010,0
23/07/2010,1
25/07/2010,0
28/07/2010,2
29/07/2010,5
30/07/2010,3
31/07/2010,8
02/08/2010,21
03/08/2010,0
07/08/2010,3
08/08/2010,0
11/08/2010,23
12/08/2010,0
14/08/2010,0
18/08/2010,37
19/08/2010,0
21/08/2010,2
26/08/2010,12
30/08/2010,4
02/09/2010,74
03/09/2010,8
04/09/2010,13
06/09/2010,2
08/09/2010,4
13/09/2010,10
21/09/2010,0
23/09/2010,0
25/09/2010,5
27/09/2010,15
30/09/2010,6
05/10/2010,8
06/10/2010,1
07/10/2010,0
08/10/2010,0
09/10/2010,0
15/10/2010,1
18/10/2010,2
20/10/2010,1
25/10/2010,1
26/10/2010,0
27/10/2010,0
28/10/2010,0
30/10/2010,0
31/10/2010,0
01/11/2010,4
03/11/2010,97
04/11/2010,0
05/11/2010,0
06/11/2010,0
08/11/2010,0
09/11/2010,0
11/11/2010,0
12/11/2010,0
16/11/2010,6
17/11/2010,0
19/11/2010,0
24/11/2010,1
28/11/2010,8
29/11/2010,4
01/12/2010,12
02/12/2010,2
07/12/2010,0
09/12/2010,0
10/12/2010,1
11/12/2010,2
12/12/2010,1
13/12/2010,0
14/12/2010,0
15/12/2010,0
16/12/2010,2
17/12/2010,8
18/12/2010,6
21/12/2010,10
22/12/2010,4
23/12/2010,1
24/12/2010,46
26/12/2010,0
28/12/2010,1
04/01/2011,0
06/01/2011,1
07/01/2011,5
08/01/2011,11
09/01/2011,18
10/01/2011,21
13/01/2011,0
14/01/2011,21
15/01/2011,100
24/01/2011,0
25/01/2011,3
26/01/2011,2
27/01/2011,0
28/01/2011,2
30/01/2011,0
31/01/2011,2
01/02/2011,1
03/02/2011,13
04/02/2011,47
05/02/2011,12
06/02/2011,8
09/02/2011,1
10/02/2011,16
11/02/2011,195
13/02/2011,1
14/02/2011,3
15/02/2011,111
19/02/2011,0
21/02/2011,0
24/02/2011,1
25/02/2011,27
26/02/2011,0
27/02/2011,103
28/02/2011,1
01/03/2011,70
03/03/2011,30
04/03/2011,0
05/03/2011,0
06/03/2011,30
07/03/2011,30
08/03/2011,0
09/03/2011,0
12/03/2011,84
14/03/2011,1
15/03/2011,113
16/03/2011,0
17/03/2011,30
18/03/2011,1
20/03/2011,1
21/03/2011,2
22/03/2011,10
23/03/2011,0
25/03/2011,1
26/03/2011,0
01/04/2011,0
04/04/2011,1
05/04/2011,13
06/04/2011,1
07/04/2011,0
09/04/2011,4
10/04/2011,1
11/04/2011,0
14/04/2011,20
15/04/2011,100
18/04/2011,30
19/04/2011,67
20/04/2011,154
21/04/2011,102
22/04/2011,101
23/04/2011,85
24/04/2011,188
25/04/2011,1
27/04/2011,0
28/04/2011,0
01/05/2011,27
02/05/2011,5
03/05/2011,11
07/05/2011,44
08/05/2011,126
09/05/2011,42
10/05/2011,93
11/05/2011,8
15/05/2011,109
17/05/2011,0
18/05/2011,10
19/05/2011,22
20/05/2011,0
21/05/2011,100
22/05/2011,0
23/05/2011,0
25/05/2011,0
01/06/2011,2
02/06/2011,11
05/06/2011,500
06/06/2011,6
07/06/2011,0
08/06/2011,71
09/06/2011,3
10/06/2011,0
11/06/2011,2
13/06/2011,29
14/06/2011,20
15/06/2011,45
16/06/2011,40
17/06/2011,40
18/06/2011,40
19/06/2011,47
20/06/2011,55
21/06/2011,40
22/06/2011,41
23/06/2011,40
24/06/2011,40
26/06/2011,0
02/07/2011,3
04/07/2011,0
06/07/2011,3
19/07/2011,0
22/07/2011,0
27/07/2011,0
02/08/2011,4
05/08/2011,1
14/08/2011,0
15/08/2011,0
24/08/2011,0
29/08/2011,6
30/08/2011,0
01/09/2011,17
02/09/2011,0
03/09/2011,0
04/09/2011,4
06/09/2011,2
07/09/2011,1
08/09/2011,13
09/09/2011,33
10/09/2011,0
13/09/2011,0
18/09/2011,0
20/09/2011,0
21/09/2011,0
22/09/2011,106
23/09/2011,7
25/09/2011,2
26/09/2011,0
10/10/2011,4
20/10/2011,0
23/10/2011,0
26/10/2011,0
27/10/2011,0
28/10/2011,0
31/10/2011,100
01/11/2011,0
02/11/2011,0
04/11/2011,0
06/11/2011,1
13/11/2011,0
20/11/2011,11
22/11/2011,0
27/11/2011,0
30/11/2011,2
01/12/2011,0
03/12/2011,3
05/12/2011,1
07/12/2011,0
08/12/2011,0
09/12/2011,0
10/12/2011,19
11/12/2011,1
12/12/2011,0
13/12/2011,0
20/12/2011,0
22/12/2011,0
25/12/2011,31
27/12/2011,0
28/12/2011,0
05/01/2012,3
07/01/2012,9
08/01/2012,0
15/01/2012,6
16/01/2012,0
18/01/2012,2
22/01/2012,26
24/01/2012,0
25/01/2012,1
26/01/2012,2
28/01/2012,0
30/01/2012,0
01/02/2012,0
02/02/2012,0
12/02/2012,0
14/02/2012,4
15/02/2012,0
16/02/2012,0
17/02/2012,0
20/02/2012,0
22/02/2012,12
24/02/2012,0
26/02/2012,80
27/02/2012,0
29/02/2012,1
05/03/2012,0
06/03/2012,1
07/03/2012,0
08/03/2012,0
09/03/2012,110
10/03/2012,110
13/03/2012,2
19/03/2012,2
26/03/2012,0
27/03/2012,1
28/03/2012,0
29/03/2012,0
30/03/2012,20
02/04/2012,1
04/04/2012,0
05/04/2012,0
10/04/2012,14
11/04/2012,0
15/04/2012,0
16/04/2012,0
17/04/2012,0
21/04/2012,50
22/04/2012,0
24/04/2012,1
26/04/2012,8
30/04/2012,0
03/05/2012,0
04/05/2012,2
07/05/2012,0
08/05/2012,0
09/05/2012,0
10/05/2012,0
12/05/2012,0
13/05/2012,1
14/05/2012,0
16/05/2012,0
20/05/2012,10
21/05/2012,10
22/05/2012,11
23/05/2012,10
24/05/2012,10
27/05/2012,0
29/05/2012,32
30/05/2012,1
31/05/2012,1
01/06/2012,48
02/06/2012,0
03/06/2012,45
04/06/2012,2
05/06/2012,0
06/06/2012,7
08/06/2012,0
09/06/2012,0
10/06/2012,0
11/06/2012,1
12/06/2012,2
13/06/2012,1
14/06/2012,0
15/06/2012,0
16/06/2012,0
17/06/2012,0
18/06/2012,0
19/06/2012,1
20/06/2012,0
21/06/2012,0
22/06/2012,0
23/06/2012,0
24/06/2012,1
25/06/2012,0
26/06/2012,0
27/06/2012,0
28/06/2012,0
29/06/2012,0
30/06/2012,0
01/07/2012,0
02/07/2012,1
03/07/2012,15
04/07/2012,1
06/07/2012,0
08/07/2012,6
09/07/2012,0
10/07/2012,1
11/07/2012,3
12/07/2012,1
13/07/2012,0
15/07/2012,4
16/07/2012,8
17/07/2012,25
18/07/2012,17
19/07/2012,17
21/07/2012,0
22/07/2012,2
23/07/2012,52
24/07/2012,1
25/07/2012,0
26/07/2012,0
27/07/2012,5
29/07/2012,13
31/07/2012,8
01/08/2012,3
02/08/2012,0
03/08/2012,0
04/08/2012,9
05/08/2012,1
06/08/2012,0
07/08/2012,5
08/08/2012,0
11/08/2012,0
12/08/2012,1
13/08/2012,3
14/08/2012,2
15/08/2012,1
16/08/2012,4
19/08/2012,2
20/08/2012,11
24/08/2012,11
26/08/2012,2
27/08/2012,2
29/08/2012,4
31/08/2012,4
04/09/2012,5
05/09/2012,0
06/09/2012,100
07/09/2012,8
08/09/2012,91
09/09/2012,9
10/09/2012,26
11/09/2012,15
12/09/2012,0
14/09/2012,3
15/09/2012,6
18/09/2012,14
19/09/2012,0
20/09/2012,4
21/09/2012,14
22/09/2012,14
23/09/2012,2
24/09/2012,3
25/09/2012,17
26/09/2012,53
27/09/2012,18
28/09/2012,0
29/09/2012,3
30/09/2012,0
01/10/2012,22
02/10/2012,4
03/10/2012,4
04/10/2012,0
05/10/2012,0
06/10/2012,17
07/10/2012,0
08/10/2012,7
09/10/2012,1
10/10/2012,0
11/10/2012,7
12/10/2012,0
13/10/2012,0
14/10/2012,15
15/10/2012,0
17/10/2012,64
19/10/2012,0
21/10/2012,0
22/10/2012,0
23/10/2012,25
24/10/2012,0
25/10/2012,0
26/10/2012,0
27/10/2012,2
28/10/2012,1
29/10/2012,0
30/10/2012,2
31/10/2012,34
01/11/2012,1
02/11/2012,89
03/11/2012,2
04/11/2012,4
05/11/2012,17
06/11/2012,0
07/11/2012,23
08/11/2012,0
09/11/2012,100
10/11/2012,0
11/11/2012,1
12/11/2012,4
13/11/2012,10
14/11/2012,26
15/11/2012,2
16/11/2012,0
17/11/2012,2
18/11/2012,2
19/11/2012,1
20/11/2012,3
21/11/2012,1
22/11/2012,0
23/11/2012,35
24/11/2012,39
25/11/2012,2
26/11/2012,5
27/11/2012,3
28/11/2012,2
29/11/2012,1
30/11/2012,14
01/12/2012,0
02/12/2012,3
03/12/2012,7
04/12/2012,0
05/12/2012,2
06/12/2012,1
07/12/2012,1
08/12/2012,1
09/12/2012,0
10/12/2012,21
11/12/2012,1
12/12/2012,1
13/12/2012,1
16/12/2012,37
18/12/2012,4
19/12/2012,20
20/12/2012,0
21/12/2012,0
23/12/2012,1
24/12/2012,114
25/12/2012,0
26/12/2012,9
27/12/2012,0
28/12/2012,121
29/12/2012,4
30/12/2012,18
31/12/2012,0
01/01/2013,1
02/01/2013,3
03/01/2013,22
04/01/2013,12
05/01/2013,41
06/01/2013,54
07/01/2013,115
08/01/2013,40
09/01/2013,40
10/01/2013,0
11/01/2013,60
12/01/2013,50
13/01/2013,29
14/01/2013,0
15/01/2013,2
16/01/2013,15
17/01/2013,0
18/01/2013,0
19/01/2013,6
20/01/2013,1
21/01/2013,3
22/01/2013,3
23/01/2013,1
24/01/2013,3
26/01/2013,1
27/01/2013,1
28/01/2013,4
29/01/2013,10
30/01/2013,12
31/01/2013,0
01/02/2013,11
02/02/2013,10
04/02/2013,1
05/02/2013,11
06/02/2013,51
07/02/2013,62
08/02/2013,1
09/02/2013,17
10/02/2013,7
11/02/2013,2
12/02/2013,42
13/02/2013,88
14/02/2013,13
15/02/2013,2
16/02/2013,0
17/02/2013,38
18/02/2013,7
19/02/2013,34
20/02/2013,42
22/02/2013,0
23/02/2013,77
24/02/2013,0
25/02/2013,0
26/02/2013,0
27/02/2013,0
01/03/2013,7
02/03/2013,100
03/03/2013,0
04/03/2013,0
05/03/2013,0
06/03/2013,25
07/03/2013,1
08/03/2013,0
09/03/2013,10
10/03/2013,51
11/03/2013,0
13/03/2013,0
14/03/2013,0
15/03/2013,270
16/03/2013,17
17/03/2013,100
18/03/2013,3
19/03/2013,1
20/03/2013,2
21/03/2013,1
22/03/2013,4
23/03/2013,0
24/03/2013,2
25/03/2013,1
26/03/2013,0
27/03/2013,2
28/03/2013,10
29/03/2013,1
30/03/2013,1
03/04/2013,1
04/04/2013,11
05/04/2013,10
06/04/2013,43
07/04/2013,14
08/04/2013,112
11/04/2013,4
12/04/2013,3
13/04/2013,0
14/04/2013,58
15/04/2013,29
16/04/2013,25
17/04/2013,2
18/04/2013,17
19/04/2013,6
20/04/2013,1
21/04/2013,0
22/04/2013,112
23/04/2013,16
24/04/2013,3
25/04/2013,5
26/04/2013,24
27/04/2013,25
28/04/2013,27
29/04/2013,20
30/04/2013,16
01/05/2013,18
02/05/2013,64
03/05/2013,0
04/05/2013,15
05/05/2013,197
06/05/2013,82
07/05/2013,0
08/05/2013,10
09/05/2013,0
10/05/2013,2
12/05/2013,3
13/05/2013,414
14/05/2013,1
15/05/2013,26
16/05/2013,0
17/05/2013,5
18/05/2013,0
20/05/2013,3
21/05/2013,1
22/05/2013,31
23/05/2013,3
25/05/2013,1
26/05/2013,71
27/05/2013,358
28/05/2013,4
29/05/2013,64
30/05/2013,1
31/05/2013,2
02/06/2013,17
03/06/2013,10
04/06/2013,47
05/06/2013,2
06/06/2013,2
07/06/2013,0
09/06/2013,28
10/06/2013,80
11/06/2013,51
13/06/2013,7
14/06/2013,11
15/06/2013,0
16/06/2013,2
17/06/2013,1
18/06/2013,51
19/06/2013,4
22/06/2013,4
23/06/2013,0
24/06/2013,16
25/06/2013,24
26/06/2013,64
29/06/2013,6
30/06/2013,1
02/07/2013,6
03/07/2013,4
04/07/2013,31
05/07/2013,0
06/07/2013,0
07/07/2013,16
08/07/2013,14
09/07/2013,2
11/07/2013,13
13/07/2013,7
14/07/2013,4
15/07/2013,7
17/07/2013,0
18/07/2013,1
21/07/2013,1
22/07/2013,12
23/07/2013,26
24/07/2013,13
25/07/2013,12
26/07/2013,47
27/07/2013,102
29/07/2013,145
01/08/2013,1
02/08/2013,5
03/08/2013,5
04/08/2013,1
05/08/2013,6
06/08/2013,0
07/08/2013,1
10/08/2013,97
11/08/2013,86
12/08/2013,37
14/08/2013,0
15/08/2013,2
16/08/2013,0
17/08/2013,2
18/08/2013,2
19/08/2013,22
20/08/2013,5
21/08/2013,1
22/08/2013,1
23/08/2013,2
25/08/2013,34
26/08/2013,17
27/08/2013,0
29/08/2013,1
31/08/2013,10
02/09/2013,16
03/09/2013,5
04/09/2013,0
05/09/2013,7
06/09/2013,4
07/09/2013,2
08/09/2013,4
09/09/2013,4
10/09/2013,5
11/09/2013,31
12/09/2013,0
13/09/2013,0
14/09/2013,0
15/09/2013,1
16/09/2013,2
17/09/2013,0
18/09/2013,41
19/09/2013,8
20/09/2013,3
21/09/2013,2
22/09/2013,1
23/09/2013,3
24/09/2013,67
25/09/2013,142
26/09/2013,59
27/09/2013,72
28/09/2013,54
29/09/2013,6
30/09/2013,10
01/10/2013,10
02/10/2013,4
03/10/2013,11
04/10/2013,0
06/10/2013,14
07/10/2013,4
08/10/2013,4
09/10/2013,6
10/10/2013,1
11/10/2013,3
12/10/2013,0
13/10/2013,13
14/10/2013,4
15/10/2013,1
16/10/2013,0
17/10/2013,10
18/10/2013,1
19/10/2013,1
20/10/2013,12
21/10/2013,10
22/10/2013,1
23/10/2013,5
24/10/2013,12
25/10/2013,8
26/10/2013,1
27/10/2013,4
28/10/2013,75
29/10/2013,55
30/10/2013,0
31/10/2013,5
01/11/2013,3
02/11/2013,6
03/11/2013,105
04/11/2013,0
05/11/2013,1
06/11/2013,0
07/11/2013,200
08/11/2013,0
10/11/2013,31
11/11/2013,0
12/11/2013,73
13/11/2013,0
14/11/2013,131
15/11/2013,60
16/11/2013,0
17/11/2013,11
18/11/2013,6
19/11/2013,3
20/11/2013,13
21/11/2013,37
23/11/2013,1
24/11/2013,3
25/11/2013,11
26/11/2013,11
28/11/2013,6
29/11/2013,44
30/11/2013,14
01/12/2013,107
02/12/2013,50
03/12/2013,2
04/12/2013,2
05/12/2013,38
06/12/2013,14
08/12/2013,23
09/12/2013,3
10/12/2013,0
11/12/2013,1
12/12/2013,4
13/12/2013,9
14/12/2013,24
15/12/2013,0
16/12/2013,0
18/12/2013,8
19/12/2013,1
20/12/2013,39
21/12/2013,1
22/12/2013,0
23/12/2013,30
24/12/2013,20
26/12/2013,1
29/12/2013,3
31/12/2013,0
01/01/2014,25
02/01/2014,0
03/01/2014,43
04/01/2014,12
05/01/2014,0
06/01/2014,8
07/01/2014,9
08/01/2014,16
09/01/2014,161
10/01/2014,7
11/01/2014,13
12/01/2014,1
13/01/2014,15
14/01/2014,0
15/01/2014,4
16/01/2014,0
17/01/2014,74
18/01/2014,0
19/01/2014,12
20/01/2014,3
21/01/2014,1
22/01/2014,18
23/01/2014,0
24/01/2014,6
25/01/2014,11
26/01/2014,0
27/01/2014,0
28/01/2014,2
30/01/2014,1
31/01/2014,19
01/02/2014,1
02/02/2014,4
03/02/2014,0
05/02/2014,0
06/02/2014,0
08/02/2014,1
09/02/2014,3
10/02/2014,4
12/02/2014,10
13/02/2014,11
15/02/2014,0
16/02/2014,1
17/02/2014,5
18/02/2014,12
19/02/2014,0
20/02/2014,2
21/02/2014,0
22/02/2014,0
23/02/2014,0
24/02/2014,7
25/02/2014,13
26/02/2014,22
27/02/2014,61
28/02/2014,68
01/03/2014,71
02/03/2014,117
03/03/2014,19
04/03/2014,201
05/03/2014,0
06/03/2014,22
07/03/2014,17
08/03/2014,0
09/03/2014,0
11/03/2014,3
12/03/2014,7
13/03/2014,101
14/03/2014,10
15/03/2014,85
16/03/2014,48
17/03/2014,13
18/03/2014,2
19/03/2014,11
20/03/2014,21
21/03/2014,5
22/03/2014,1
23/03/2014,213
24/03/2014,0
25/03/2014,75
26/03/2014,0
27/03/2014,3
29/03/2014,0
30/03/2014,0
31/03/2014,0
01/04/2014,0
02/04/2014,3
03/04/2014,6
04/04/2014,3
05/04/2014,64
06/04/2014,1
07/04/2014,12
08/04/2014,1
09/04/2014,0
10/04/2014,15
13/04/2014,3
15/04/2014,35
16/04/2014,0
17/04/2014,1
18/04/2014,0
19/04/2014,6
20/04/2014,2
22/04/2014,2
23/04/2014,0
24/04/2014,0
26/04/2014,0
27/04/2014,22
28/04/2014,30
29/04/2014,1
30/04/2014,0
01/05/2014,4
02/05/2014,0
03/05/2014,3
04/05/2014,0
05/05/2014,2
06/05/2014,0
07/05/2014,4
08/05/2014,9
09/05/2014,2
10/05/2014,0
11/05/2014,12
12/05/2014,7
13/05/2014,0
14/05/2014,17
15/05/2014,76
16/05/2014,0
17/05/2014,0
18/05/2014,8
19/05/2014,32
20/05/2014,8
21/05/2014,0
22/05/2014,15
23/05/2014,14
24/05/2014,7
25/05/2014,0
26/05/2014,3
27/05/2014,4
28/05/2014,23
29/05/2014,26
30/05/2014,2
31/05/2014,0
01/06/2014,48
02/06/2014,2
03/06/2014,0
04/06/2014,11
05/06/2014,4
06/06/2014,1
07/06/2014,9
08/06/2014,59
09/06/2014,57
10/06/2014,1
11/06/2014,0
12/06/2014,0
13/06/2014,0
14/06/2014,8
15/06/2014,4
16/06/2014,4
17/06/2014,5
18/06/2014,11
19/06/2014,5
20/06/2014,10
21/06/2014,73
22/06/2014,69
23/06/2014,0
24/06/2014,5
25/06/2014,0
26/06/2014,10
27/06/2014,127
28/06/2014,75
29/06/2014,2
30/06/2014,8
01/07/2014,18
02/07/2014,11
03/07/2014,80
05/07/2014,46
06/07/2014,7
07/07/2014,0
08/07/2014,4
09/07/2014,19
10/07/2014,0
11/07/2014,0
12/07/2014,5
13/07/2014,2
14/07/2014,32
15/07/2014,8
16/07/2014,6
17/07/2014,5
18/07/2014,0
19/07/2014,13
20/07/2014,4
21/07/2014,1
22/07/2014,1
23/07/2014,0
24/07/2014,6
25/07/2014,1
26/07/2014,1
27/07/2014,1
28/07/2014,1
29/07/2014,1
30/07/2014,2
31/07/2014,2
01/08/2014,2
02/08/2014,4
03/08/2014,3
04/08/2014,3
05/08/2014,0
06/08/2014,4
07/08/2014,1
08/08/2014,1
09/08/2014,1
10/08/2014,0
11/08/2014,1
12/08/2014,0
13/08/2014,19
14/08/2014,1
15/08/2014,4
16/08/2014,42
17/08/2014,0
18/08/2014,10
19/08/2014,0
20/08/2014,137
21/08/2014,1
22/08/2014,0
23/08/2014,1
24/08/2014,7
25/08/2014,10
26/08/2014,1
27/08/2014,8
28/08/2014,37
29/08/2014,1
30/08/2014,0
31/08/2014,3
01/09/2014,0
02/09/2014,0
03/09/2014,0
04/09/2014,8
05/09/2014,6
06/09/2014,1
07/09/2014,17
09/09/2014,5
10/09/2014,0
11/09/2014,23
12/09/2014,2
13/09/2014,7
14/09/2014,0
15/09/2014,0
16/09/2014,1
17/09/2014,5
18/09/2014,3
20/09/2014,1
21/09/2014,1
22/09/2014,0
24/09/2014,1
25/09/2014,2
26/09/2014,0
27/09/2014,6
28/09/2014,0
29/09/2014,1
30/09/2014,0
02/10/2014,0
03/10/2014,0
04/10/2014,0
05/10/2014,2
06/10/2014,16
07/10/2014,2
08/10/2014,0
09/10/2014,4
10/10/2014,8
11/10/2014,0
12/10/2014,5
13/10/2014,2
15/10/2014,12
16/10/2014,33
17/10/2014,2
18/10/2014,3
19/10/2014,1
20/10/2014,1
21/10/2014,2
22/10/2014,1
23/10/2014,2
26/10/2014,3
27/10/2014,4
28/10/2014,0
29/10/2014,3
30/10/2014,6
31/10/2014,42
01/11/2014,0
02/11/2014,1
03/11/2014,0
04/11/2014,0
05/11/2014,0
07/11/2014,3
08/11/2014,5
09/11/2014,0
10/11/2014,3
11/11/2014,0
12/11/2014,3
13/11/2014,0
14/11/2014,1
15/11/2014,15
16/11/2014,0
17/11/2014,1
18/11/2014,0
19/11/2014,3
20/11/2014,0
21/11/2014,0
22/11/2014,6
23/11/2014,150
24/11/2014,7
25/11/2014,21
26/11/2014,6
27/11/2014,5
28/11/2014,17
29/11/2014,0
30/11/2014,0
01/12/2014,2
02/12/2014,54
03/12/2014,10
04/12/2014,1
05/12/2014,2
06/12/2014,0
07/12/2014,1
08/12/2014,14
09/12/2014,36
10/12/2014,5
11/12/2014,0
12/12/2014,42
13/12/2014,25
14/12/2014,0
15/12/2014,13
16/12/2014,0
17/12/2014,7
18/12/2014,0
19/12/2014,6
20/12/2014,2
21/12/2014,2
22/12/2014,7
23/12/2014,26
24/12/2014,0
25/12/2014,0
26/12/2014,3
27/12/2014,4
28/12/2014,1
29/12/2014,0
30/12/2014,0
31/12/2014,7
01/01/2015,73
02/01/2015,14
03/01/2015,5
04/01/2015,1
05/01/2015,1
06/01/2015,11
07/01/2015,11
08/01/2015,1
09/01/2015,24
10/01/2015,5
11/01/2015,21
12/01/2015,43
13/01/2015,40
14/01/2015,117
15/01/2015,9
16/01/2015,27
17/01/2015,1
18/01/2015,4
19/01/2015,5
20/01/2015,1
21/01/2015,1
22/01/2015,18
23/01/2015,0
24/01/2015,105
25/01/2015,31
26/01/2015,15
27/01/2015,2
28/01/2015,0
29/01/2015,2
30/01/2015,28
31/01/2015,2
01/02/2015,34
02/02/2015,11
03/02/2015,18
04/02/2015,1
05/02/2015,9
06/02/2015,3
07/02/2015,9
08/02/2015,8
09/02/2015,18
10/02/2015,15
11/02/2015,0
12/02/2015,5
13/02/2015,0
14/02/2015,1
15/02/2015,7
16/02/2015,3
17/02/2015,2
18/02/2015,14
19/02/2015,14
20/02/2015,11
21/02/2015,5
22/02/2015,8
23/02/2015,1
24/02/2015,27
25/02/2015,3
26/02/2015,4
27/02/2015,8
28/02/2015,10
01/03/2015,0
02/03/2015,29
03/03/2015,0
04/03/2015,5
05/03/2015,6
06/03/2015,0
07/03/2015,2
08/03/2015,10
09/03/2015,2
10/03/2015,2
11/03/2015,0
12/03/2015,61
13/03/2015,68
14/03/2015,2
15/03/2015,20
16/03/2015,2
17/03/2015,16
18/03/2015,5
19/03/2015,31
20/03/2015,35
21/03/2015,33
22/03/2015,27
23/03/2015,22
24/03/2015,40
25/03/2015,7
27/03/2015,9
28/03/2015,123
29/03/2015,28
30/03/2015,17
31/03/2015,14
01/04/2015,61
02/04/2015,7
03/04/2015,6
04/04/2015,12
05/04/2015,2
06/04/2015,17
07/04/2015,22
08/04/2015,18
09/04/2015,5
10/04/2015,1
11/04/2015,5
12/04/2015,7
13/04/2015,0
14/04/2015,15
15/04/2015,12
16/04/2015,3
17/04/2015,2
18/04/2015,33
19/04/2015,0
20/04/2015,2
21/04/2015,2
22/04/2015,5
23/04/2015,25
24/04/2015,4
25/04/2015,27
26/04/2015,48
27/04/2015,5
28/04/2015,1
29/04/2015,20
30/04/2015,0
01/05/2015,1
02/05/2015,69
04/05/2015,1
05/05/2015,4
06/05/2015,6
07/05/2015,20
08/05/2015,3
09/05/2015,15
10/05/2015,10
11/05/2015,54
12/05/2015,53
13/05/2015,1
14/05/2015,0
15/05/2015,1
16/05/2015,2
17/05/2015,0
18/05/2015,0
19/05/2015,4
20/05/2015,0
21/05/2015,27
22/05/2015,0
23/05/2015,1
24/05/2015,16
25/05/2015,12
26/05/2015,7
27/05/2015,0
28/05/2015,7
30/05/2015,2
31/05/2015,2
01/06/2015,1
02/06/2015,7
03/06/2015,7
04/06/2015,0
05/06/2015,0
06/06/2015,3
07/06/2015,2
08/06/2015,8
09/06/2015,31
10/06/2015,0
11/06/2015,6
12/06/2015,61
13/06/2015,28
14/06/2015,2
15/06/2015,55
16/06/2015,12
17/06/2015,2
20/06/2015,1
21/06/2015,1
22/06/2015,1
23/06/2015,3
24/06/2015,9
25/06/2015,0
26/06/2015,39
27/06/2015,2
29/06/2015,0
30/06/2015,11
01/07/2015,10
02/07/2015,4
03/07/2015,16
04/07/2015,44
05/07/2015,15
06/07/2015,3
07/07/2015,1
08/07/2015,6
09/07/2015,0
10/07/2015,9
11/07/2015,1
12/07/2015,2
13/07/2015,1
14/07/2015,5
15/07/2015,176
16/07/2015,0
17/07/2015,1
18/07/2015,3
19/07/2015,1
20/07/2015,3
21/07/2015,1
22/07/2015,8
23/07/2015,2
24/07/2015,2
25/07/2015,1
26/07/2015,0
27/07/2015,3
28/07/2015,9
29/07/2015,0
30/07/2015,0
31/07/2015,0
01/08/2015,1
02/08/2015,1
03/08/2015,1
04/08/2015,0
06/08/2015,0
08/08/2015,0
09/08/2015,13
10/08/2015,2
12/08/2015,1
13/08/2015,27
14/08/2015,28
15/08/2015,10
16/08/2015,1
17/08/2015,10
18/08/2015,0
20/08/2015,3
21/08/2015,0
22/08/2015,0
23/08/2015,0
24/08/2015,3
26/08/2015,0
27/08/2015,1
30/08/2015,0
31/08/2015,6
01/09/2015,1
02/09/2015,0
03/09/2015,0
05/09/2015,0
06/09/2015,2
08/09/2015,2
09/09/2015,0
10/09/2015,1
11/09/2015,0
12/09/2015,1
13/09/2015,1
14/09/2015,2
15/09/2015,11
16/09/2015,9
17/09/2015,11
18/09/2015,202
19/09/2015,4
20/09/2015,1
21/09/2015,4
22/09/2015,4
24/09/2015,1
25/09/2015,1
26/09/2015,0
27/09/2015,1
28/09/2015,0
29/09/2015,0
01/10/2015,0
03/10/2015,0
05/10/2015,0
06/10/2015,0
07/10/2015,2
08/10/2015,1
10/10/2015,0
11/10/2015,1
12/10/2015,1
13/10/2015,0
14/10/2015,8
16/10/2015,0
17/10/2015,1
19/10/2015,0
20/10/2015,1
22/10/2015,5
23/10/2015,3
24/10/2015,0
25/10/2015,0
26/10/2015,0
27/10/2015,1
28/10/2015,16
29/10/2015,20
30/10/2015,30
31/10/2015,0
01/11/2015,1
02/11/2015,10
03/11/2015,0
04/11/2015,9
07/11/2015,0
08/11/2015,2
09/11/2015,19
10/11/2015,0
11/11/2015,4
12/11/2015,1
13/11/2015,13
15/11/2015,0
16/11/2015,2
17/11/2015,0
18/11/2015,4
19/11/2015,0
20/11/2015,0
21/11/2015,3
23/11/2015,4
24/11/2015,0
25/11/2015,7
26/11/2015,2
27/11/2015,3
28/11/2015,2
29/11/2015,0
30/11/2015,0
02/12/2015,2
03/12/2015,30
05/12/2015,5
07/12/2015,2
08/12/2015,10
09/12/2015,0
10/12/2015,1
11/12/2015,0
12/12/2015,18
13/12/2015,30
14/12/2015,0
15/12/2015,0
17/12/2015,3
18/12/2015,0
19/12/2015,4
20/12/2015,0
21/12/2015,3
22/12/2015,0
23/12/2015,0
24/12/2015,0
25/12/2015,3
26/12/2015,13
27/12/2015,2
28/12/2015,4
29/12/2015,7
30/12/2015,5
31/12/2015,22
01/01/2016,47
02/01/2016,2
03/01/2016,2
05/01/2016,1
06/01/2016,3
07/01/2016,0
08/01/2016,1
09/01/2016,0
10/01/2016,35
11/01/2016,42
12/01/2016,0
13/01/2016,0
14/01/2016,1
15/01/2016,62
16/01/2016,75
17/01/2016,30
18/01/2016,22
19/01/2016,0
20/01/2016,52
22/01/2016,0
23/01/2016,16
24/01/2016,0
25/01/2016,3
26/01/2016,1
27/01/2016,6
28/01/2016,0
30/01/2016,33
31/01/2016,0
01/02/2016,2
02/02/2016,1
03/02/2016,1
04/02/2016,0
05/02/2016,0
07/02/2016,0
08/02/2016,18
09/02/2016,0
10/02/2016,3
11/02/2016,0
12/02/2016,9
13/02/2016,3
14/02/2016,51
15/02/2016,175
16/02/2016,4
17/02/2016,56
18/02/2016,2
20/02/2016,201
22/02/2016,2
23/02/2016,21
24/02/2016,3
25/02/2016,23
26/02/2016,32
27/02/2016,32
28/02/2016,11
29/02/2016,0
01/03/2016,0
02/03/2016,13
03/03/2016,0
05/03/2016,13
06/03/2016,0
07/03/2016,0
08/03/2016,19
09/03/2016,25
10/03/2016,9
12/03/2016,40
13/03/2016,42
14/03/2016,1
15/03/2016,4
16/03/2016,16
19/03/2016,17
20/03/2016,2
21/03/2016,10
22/03/2016,0
24/03/2016,2
25/03/2016,16
27/03/2016,29
28/03/2016,95
29/03/2016,80
30/03/2016,0
31/03/2016,12
02/04/2016,10
03/04/2016,128
04/04/2016,102
05/04/2016,1
06/04/2016,4
07/04/2016,52
08/04/2016,79
09/04/2016,105
10/04/2016,153
11/04/2016,158
12/04/2016,1
13/04/2016,0
14/04/2016,3
15/04/2016,20
16/04/2016,90
17/04/2016,27
18/04/2016,69
19/04/2016,3
20/04/2016,20
21/04/2016,10
22/04/2016,0
23/04/2016,0
24/04/2016,14
25/04/2016,3
26/04/2016,3
27/04/2016,18
28/04/2016,0
29/04/2016,1
30/04/2016,6
01/05/2016,8
02/05/2016,2
03/05/2016,0
04/05/2016,5
05/05/2016,0
06/05/2016,0
07/05/2016,3
08/05/2016,9
09/05/2016,8
10/05/2016,34
11/05/2016,1
12/05/2016,1
13/05/2016,6
14/05/2016,3
15/05/2016,2
16/05/2016,0
17/05/2016,39
18/05/2016,50
19/05/2016,1
20/05/2016,1
21/05/2016,0
22/05/2016,16
23/05/2016,2
24/05/2016,0
25/05/2016,0
26/05/2016,0
27/05/2016,0
28/05/2016,1
29/05/2016,77
31/05/2016,4
01/06/2016,1
02/06/2016,10
03/06/2016,28
04/06/2016,7
05/06/2016,4
06/06/2016,6
07/06/2016,4
08/06/2016,0
09/06/2016,1
10/06/2016,4
11/06/2016,1
12/06/2016,0
13/06/2016,5
14/06/2016,2
15/06/2016,2
16/06/2016,2
17/06/2016,0
18/06/2016,0
19/06/2016,7
20/06/2016,11
21/06/2016,6
22/06/2016,23
24/06/2016,1
25/06/2016,4
26/06/2016,1
27/06/2016,3
28/06/2016,1
29/06/2016,4
30/06/2016,0
01/07/2016,3
02/07/2016,6
03/07/2016,0
04/07/2016,16
05/07/2016,2
07/07/2016,0
08/07/2016,0
09/07/2016,3
10/07/2016,0
11/07/2016,1
12/07/2016,11
13/07/2016,1
14/07/2016,10
15/07/2016,48
16/07/2016,0
17/07/2016,5
20/07/2016,0
21/07/2016,0
22/07/2016,174
24/07/2016,1
25/07/2016,12
26/07/2016,0
27/07/2016,1
28/07/2016,0
30/07/2016,1
31/07/2016,0
01/08/2016,19
02/08/2016,1
03/08/2016,0
05/08/2016,1
06/08/2016,0
07/08/2016,2
08/08/2016,14
09/08/2016,6
10/08/2016,0
11/08/2016,0
12/08/2016,1
13/08/2016,5
14/08/2016,6
15/08/2016,10
16/08/2016,1
17/08/2016,0
18/08/2016,5
20/08/2016,0
21/08/2016,1
22/08/2016,7
23/08/2016,0
26/08/2016,2
27/08/2016,12
28/08/2016,5
29/08/2016,3
30/08/2016,2
01/09/2016,0
02/09/2016,12
03/09/2016,0
04/09/2016,2
05/09/2016,3
06/09/2016,22
07/09/2016,22
08/09/2016,1
09/09/2016,6
10/09/2016,1
11/09/2016,2
12/09/2016,3
13/09/2016,0
14/09/2016,10
15/09/2016,6
16/09/2016,2
17/09/2016,60
18/09/2016,34
19/09/2016,31
20/09/2016,3
21/09/2016,0
22/09/2016,1
23/09/2016,0
25/09/2016,0
26/09/2016,0
27/09/2016,3
28/09/2016,2
29/09/2016,0
30/09/2016,1
01/10/2016,0
03/10/2016,2
04/10/2016,5
05/10/2016,1
06/10/2016,0
07/10/2016,2
09/10/2016,10
10/10/2016,2
11/10/2016,1
12/10/2016,2
13/10/2016,0
14/10/2016,1
15/10/2016,3
16/10/2016,1
17/10/2016,1
18/10/2016,3
19/10/2016,2
21/10/2016,0
22/10/2016,0
23/10/2016,20
24/10/2016,0
25/10/2016,1
26/10/2016,2
27/10/2016,5
28/10/2016,2
29/10/2016,2
30/10/2016,1
31/10/2016,8
01/11/2016,30
02/11/2016,1
03/11/2016,0
04/11/2016,1
05/11/2016,5
06/11/2016,0
07/11/2016,0
08/11/2016,17
09/11/2016,7
10/11/2016,0
11/11/2016,3
12/11/2016,0
13/11/2016,1
14/11/2016,0
15/11/2016,3
16/11/2016,19
17/11/2016,3
18/11/2016,16
19/11/2016,0
20/11/2016,0
21/11/2016,4
22/11/2016,3
23/11/2016,0
24/11/2016,3
25/11/2016,0
27/11/2016,3
28/11/2016,1
29/11/2016,1
30/11/2016,1
01/12/2016,0
02/12/2016,2
03/12/2016,1
04/12/2016,1
05/12/2016,0
06/12/2016,6
07/12/2016,0
08/12/2016,8
09/12/2016,0
10/12/2016,0
11/12/2016,5
12/12/2016,5
13/12/2016,0
15/12/2016,0
16/12/2016,0
17/12/2016,1
18/12/2016,1
19/12/2016,0
20/12/2016,0
21/12/2016,0
22/12/2016,8
23/12/2016,9
24/12/2016,1
25/12/2016,4
26/12/2016,3
27/12/2016,1
28/12/2016,0
29/12/2016,0
30/12/2016,0
31/12/2016,3
01/01/2017,20
02/01/2017,0
03/01/2017,3
04/01/2017,2
05/01/2017,6
06/01/2017,0
08/01/2017,0
09/01/2017,2
10/01/2017,0
11/01/2017,0
12/01/2017,2
13/01/2017,1
14/01/2017,1
15/01/2017,1
16/01/2017,2
17/01/2017,1
18/01/2017,0
20/01/2017,0
21/01/2017,0
22/01/2017,0
24/01/2017,0
25/01/2017,3
26/01/2017,1
28/01/2017,0
29/01/2017,5
31/01/2017,0
01/02/2017,2
02/02/2017,8
03/02/2017,0
04/02/2017,1
05/02/2017,1
06/02/2017,1
07/02/2017,1
08/02/2017,3
09/02/2017,0
10/02/2017,7
11/02/2017,1
12/02/2017,2
13/02/2017,1
14/02/2017,1
15/02/2017,16
16/02/2017,11
17/02/2017,0
18/02/2017,2
19/02/2017,10
20/02/2017,15
21/02/2017,14
22/02/2017,5
24/02/2017,3
25/02/2017,1
26/02/2017,1
27/02/2017,0
28/02/2017,0
01/03/2017,4
02/03/2017,0
03/03/2017,0
04/03/2017,0
05/03/2017,0
06/03/2017,1
07/03/2017,0
08/03/2017,0
09/03/2017,2
10/03/2017,5
11/03/2017,0
12/03/2017,1
13/03/2017,0
14/03/2017,0
15/03/2017,22
16/03/2017,0
18/03/2017,0
19/03/2017,1
20/03/2017,0
21/03/2017,0
23/03/2017,1
24/03/2017,5
25/03/2017,11
26/03/2017,6
27/03/2017,0
28/03/2017,4
29/03/2017,6
30/03/2017,0
31/03/2017,1
01/04/2017,0
02/04/2017,55
03/04/2017,45
04/04/2017,1
05/04/2017,0
06/04/2017,1
07/04/2017,4
08/04/2017,2
09/04/2017,10
10/04/2017,0
11/04/2017,1
12/04/2017,2
13/04/2017,0
14/04/2017,0
15/04/2017,3
16/04/2017,1
18/04/2017,3
19/04/2017,0
20/04/2017,2
22/04/2017,17
23/04/2017,6
24/04/2017,0
25/04/2017,2
27/04/2017,5
28/04/2017,1
29/04/2017,11
30/04/2017,0
01/05/2017,1
03/05/2017,0
05/05/2017,0
06/05/2017,0
07/05/2017,17
08/05/2017,11
09/05/2017,2
10/05/2017,8
11/05/2017,0
13/05/2017,0
14/05/2017,11
15/05/2017,2
16/05/2017,9
17/05/2017,6
18/05/2017,10
19/05/2017,0
20/05/2017,236
21/05/2017,23
22/05/2017,10
23/05/2017,0
24/05/2017,1
25/05/2017,0
27/05/2017,0
28/05/2017,20
29/05/2017,21
30/05/2017,0
31/05/2017,7
01/06/2017,8
02/06/2017,2
03/06/2017,1
04/06/2017,1
05/06/2017,1
06/06/2017,1
07/06/2017,0
08/06/2017,13
09/06/2017,16
10/06/2017,0
11/06/2017,3
12/06/2017,1
13/06/2017,1
14/06/2017,7
15/06/2017,5
16/06/2017,5
17/06/2017,0
18/06/2017,0
20/06/2017,0
21/06/2017,0
22/06/2017,0
23/06/2017,7
24/06/2017,0
26/06/2017,29
27/06/2017,0
28/06/2017,10
29/06/2017,12
30/06/2017,1
01/07/2017,1
02/07/2017,0
03/07/2017,0
04/07/2017,0
05/07/2017,4
06/07/2017,3
08/07/2017,3
09/07/2017,5
10/07/2017,0
11/07/2017,1
14/07/2017,0
15/07/2017,4
17/07/2017,0
18/07/2017,0
19/07/2017,0
20/07/2017,5
21/07/2017,14
22/07/2017,14
23/07/2017,15
24/07/2017,14
25/07/2017,0
26/07/2017,0
27/07/2017,3
28/07/2017,2
29/07/2017,2
30/07/2017,7
31/07/2017,0
01/08/2017,1
03/08/2017,1
04/08/2017,0
05/08/2017,2
06/08/2017,0
07/08/2017,1
08/08/2017,0
10/08/2017,0
11/08/2017,0
13/08/2017,24
14/08/2017,7
15/08/2017,0
16/08/2017,1
17/08/2017,1
20/08/2017,0
21/08/2017,1
22/08/2017,1
23/08/2017,1
24/08/2017,1
25/08/2017,1
26/08/2017,2
27/08/2017,1
28/08/2017,1
29/08/2017,0
31/08/2017,3
01/09/2017,0
02/09/2017,0
03/09/2017,0
04/09/2017,1
05/09/2017,2
06/09/2017,1
09/09/2017,0
10/09/2017,0
11/09/2017,1
12/09/2017,11
13/09/2017,10
14/09/2017,10
16/09/2017,1
17/09/2017,0
19/09/2017,0
20/09/2017,0
21/09/2017,2
22/09/2017,6
23/09/2017,5
24/09/2017,0
27/09/2017,2
28/09/2017,4
29/09/2017,1
30/09/2017,2
01/10/2017,2
02/10/2017,4
03/10/2017,0
04/10/2017,2
05/10/2017,2
06/10/2017,2
07/10/2017,0
08/10/2017,0
09/10/2017,3
11/10/2017,0
12/10/2017,0
13/10/2017,2
14/10/2017,1
15/10/2017,2
16/10/2017,7
17/10/2017,9
18/10/2017,11
19/10/2017,12
20/10/2017,0
21/10/2017,2
23/10/2017,1
24/10/2017,3
25/10/2017,0
26/10/2017,0
27/10/2017,10
28/10/2017,2
29/10/2017,0
30/10/2017,5
31/10/2017,1
01/11/2017,1
02/11/2017,0
04/11/2017,0
05/11/2017,0
06/11/2017,0
07/11/2017,0
08/11/2017,0
09/11/2017,2
10/11/2017,10
11/11/2017,5
12/11/2017,1
13/11/2017,0
14/11/2017,0
15/11/2017,10
19/11/2017,3
20/11/2017,1
21/11/2017,1
22/11/2017,1
23/11/2017,1
24/11/2017,0
26/11/2017,24
27/11/2017,2
29/11/2017,0
30/11/2017,0
01/12/2017,1
02/12/2017,1
03/12/2017,1
04/12/2017,1
05/12/2017,0
06/12/2017,12
07/12/2017,0
08/12/2017,0
09/12/2017,0
10/12/2017,0
11/12/2017,0
15/12/2017,11
16/12/2017,0
17/12/2017,2
18/12/2017,0
19/12/2017,0
20/12/2017,3
23/12/2017,0
25/12/2017,0
26/12/2017,0
28/12/2017,0
30/12/2017,0
31/12/2017,0
01/01/2018,0
03/01/2018,2
04/01/2018,0
05/01/2018,0
06/01/2018,1
07/01/2018,1
08/01/2018,3
09/01/2018,0
10/01/2018,2
11/01/2018,3
12/01/2018,0
13/01/2018,0
16/01/2018,0
17/01/2018,0
18/01/2018,1
19/01/2018,1
20/01/2018,5
22/01/2018,0
24/01/2018,3
25/01/2018,0
26/01/2018,0
27/01/2018,0
31/01/2018,0
01/02/2018,0
03/02/2018,1
04/02/2018,1
06/02/2018,0
07/02/2018,0
08/02/2018,1
09/02/2018,1
11/02/2018,0
12/02/2018,10
13/02/2018,0
15/02/2018,47
16/02/2018,0
17/02/2018,8
18/02/2018,12
20/02/2018,1
22/02/2018,0
23/02/2018,0
24/02/2018,0
26/02/2018,1
27/02/2018,4
28/02/2018,0
01/03/2018,0
03/03/2018,0
04/03/2018,0
05/03/2018,1
06/03/2018,0
07/03/2018,1
09/03/2018,0
10/03/2018,4
11/03/2018,4
13/03/2018,6
14/03/2018,0
15/03/2018,0
17/03/2018,4
18/03/2018,0
21/03/2018,18
22/03/2018,8
23/03/2018,0
24/03/2018,7
25/03/2018,0
26/03/2018,0
27/03/2018,17
28/03/2018,0
29/03/2018,0
30/03/2018,8
31/03/2018,15
01/04/2018,1
02/04/2018,1
04/04/2018,10
07/04/2018,1
08/04/2018,2
09/04/2018,1
10/04/2018,0
11/04/2018,1
12/04/2018,2
14/04/2018,0
15/04/2018,0
16/04/2018,0
18/04/2018,37
19/04/2018,6
20/04/2018,1
22/04/2018,0
23/04/2018,13
24/04/2018,2
25/04/2018,8
26/04/2018,0
28/04/2018,18
02/05/2018,1
04/05/2018,0
07/05/2018,0
08/05/2018,0
09/05/2018,0
10/05/2018,0
11/05/2018,13
12/05/2018,6
13/05/2018,0
15/05/2018,0
16/05/2018,0
17/05/2018,0
19/05/2018,1
20/05/2018,0
21/05/2018,1
22/05/2018,5
23/05/2018,24
24/05/2018,16
25/05/2018,0
27/05/2018,28
30/05/2018,0
31/05/2018,2
02/06/2018,1
04/06/2018,9
05/06/2018,2
07/06/2018,8
08/06/2018,0
09/06/2018,0
10/06/2018,0
11/06/2018,1
12/06/2018,0
13/06/2018,107
14/06/2018,5
15/06/2018,10
16/06/2018,4
17/06/2018,1
18/06/2018,2
19/06/2018,2
20/06/2018,0
21/06/2018,0
23/06/2018,1
24/06/2018,2
25/06/2018,1
26/06/2018,0
28/06/2018,79
29/06/2018,1
01/07/2018,1
04/07/2018,2
05/07/2018,48
06/07/2018,6
09/07/2018,0
10/07/2018,0
11/07/2018,2
12/07/2018,1
13/07/2018,0
14/07/2018,0
15/07/2018,1
16/07/2018,0
17/07/2018,0
18/07/2018,1
19/07/2018,11
20/07/2018,0
22/07/2018,3
23/07/2018,8
24/07/2018,5
25/07/2018,5
26/07/2018,0
27/07/2018,17
29/07/2018,0
30/07/2018,0
01/08/2018,0
02/08/2018,0
03/08/2018,2
04/08/2018,2
07/08/2018,1
08/08/2018,0
09/08/2018,4
10/08/2018,0
13/08/2018,0
14/08/2018,0
15/08/2018,4
16/08/2018,0
18/08/2018,1
20/08/2018,0
26/08/2018,7
27/08/2018,1
28/08/2018,0
29/08/2018,2
30/08/2018,0
01/09/2018,1
02/09/2018,1
04/09/2018,1
05/09/2018,3
06/09/2018,1
07/09/2018,3
08/09/2018,3
09/09/2018,0
12/09/2018,0
16/09/2018,11
17/09/2018,11
18/09/2018,10
19/09/2018,0
20/09/2018,2
21/09/2018,1
22/09/2018,2
23/09/2018,0
24/09/2018,1
25/09/2018,1
26/09/2018,1
27/09/2018,1
28/09/2018,0
30/09/2018,0
01/10/2018,3
03/10/2018,0
04/10/2018,2
06/10/2018,3
09/10/2018,1
10/10/2018,0
11/10/2018,0
12/10/2018,2
13/10/2018,0
14/10/2018,2
15/10/2018,52
17/10/2018,2
18/10/2018,3
19/10/2018,0
20/10/2018,1
21/10/2018,0
22/10/2018,0
24/10/2018,4
25/10/2018,1
26/10/2018,6
27/10/2018,1
28/10/2018,1
29/10/2018,0
31/10/2018,2
01/11/2018,0
03/11/2018,2
05/11/2018,3
07/11/2018,0
09/11/2018,0
10/11/2018,1
11/11/2018,7
12/11/2018,7
13/11/2018,2
14/11/2018,0
15/11/2018,4
17/11/2018,2
18/11/2018,1
21/11/2018,15
22/11/2018,0
24/11/2018,20
25/11/2018,0
26/11/2018,0
27/11/2018,0
29/11/2018,1
30/11/2018,0
01/12/2018,0
02/12/2018,5
04/12/2018,2
05/12/2018,1
06/12/2018,1
07/12/2018,7
08/12/2018,16
09/12/2018,1
10/12/2018,0
11/12/2018,1
13/12/2018,4
14/12/2018,0
15/12/2018,2
16/12/2018,2
17/12/2018,0
18/12/2018,0
19/12/2018,0
20/12/2018,19
21/12/2018,2
22/12/2018,0
23/12/2018,0
24/12/2018,2
25/12/2018,0
26/12/2018,0
27/12/2018,1
28/12/2018,2
30/12/2018,0
31/12/2018,4
01/01/2019,0
02/01/2019,0
03/01/2019,0
04/01/2019,3
06/01/2019,0
07/01/2019,0
08/01/2019,0
09/01/2019,3
11/01/2019,0
13/01/2019,5
14/01/2019,0
15/01/2019,4
16/01/2019,11
17/01/2019,23
18/01/2019,0
19/01/2019,0
20/01/2019,0
21/01/2019,0
22/01/2019,0
23/01/2019,4
24/01/2019,4
25/01/2019,0
26/01/2019,0
27/01/2019,0
28/01/2019,0
29/01/2019,2
30/01/2019,8
31/01/2019,1
02/02/2019,0
03/02/2019,6
04/02/2019,0
05/02/2019,0
06/02/2019,0
07/02/2019,0
08/02/2019,0
09/02/2019,2
10/02/2019,0
11/02/2019,2
12/02/2019,0
13/02/2019,1
14/02/2019,7
15/02/2019,2
17/02/2019,1
18/02/2019,0
19/02/2019,2
20/02/2019,0
21/02/2019,1
22/02/2019,0
23/02/2019,0
24/02/2019,0
25/02/2019,0
26/02/2019,2
27/02/2019,0
28/02/2019,10
01/03/2019,2
02/03/2019,0
03/03/2019,2
04/03/2019,0
05/03/2019,2
06/03/2019,0
07/03/2019,0
08/03/2019,0
10/03/2019,2
12/03/2019,0
13/03/2019,12
14/03/2019,3
15/03/2019,10
16/03/2019,0
17/03/2019,0
18/03/2019,0
19/03/2019,0
21/03/2019,3
22/03/2019,3
23/03/2019,8
24/03/2019,4
25/03/2019,0
26/03/2019,7
27/03/2019,0
28/03/2019,0
29/03/2019,0
30/03/2019,0
01/04/2019,0
02/04/2019,0
03/04/2019,2
04/04/2019,0
05/04/2019,1
06/04/2019,7
07/04/2019,1
08/04/2019,2
09/04/2019,2
10/04/2019,0
11/04/2019,13
12/04/2019,0
13/04/2019,0
14/04/2019,16
15/04/2019,0
16/04/2019,4
17/04/2019,4
18/04/2019,3
19/04/2019,3
20/04/2019,3
21/04/2019,6
22/04/2019,2
23/04/2019,0
24/04/2019,0
25/04/2019,0
26/04/2019,0
27/04/2019,0
28/04/2019,0
29/04/2019,0
30/04/2019,0
01/05/2019,0
02/05/2019,0
03/05/2019,1
04/05/2019,1
05/05/2019,2
06/05/2019,0
07/05/2019,9
08/05/2019,0
09/05/2019,1
10/05/2019,0
11/05/2019,4
12/05/2019,3
13/05/2019,6
14/05/2019,0
15/05/2019,0
16/05/2019,0
17/05/2019,0
18/05/2019,0
19/05/2019,0
20/05/2019,0
21/05/2019,0
22/05/2019,0
23/05/2019,1
25/05/2019,2
26/05/2019,0
27/05/2019,0
28/05/2019,0
29/05/2019,1
30/05/2019,3
31/05/2019,0
01/06/2019,15
03/06/2019,106
04/06/2019,9
05/06/2019,22
06/06/2019,4
07/06/2019,0
08/06/2019,0
09/06/2019,13
10/06/2019,8
11/06/2019,0
13/06/2019,0
14/06/2019,0
15/06/2019,1
18/06/2019,0
19/06/2019,0
20/06/2019,0
21/06/2019,0
22/06/2019,0
23/06/2019,0
24/06/2019,0
25/06/2019,0
26/06/2019,1
27/06/2019,0
28/06/2019,0
30/06/2019,11
01/07/2019,0
02/07/2019,2
03/07/2019,0
04/07/2019,0
05/07/2019,1
08/07/2019,1
09/07/2019,0
10/07/2019,0
11/07/2019,0
12/07/2019,1
13/07/2019,0
14/07/2019,12
15/07/2019,3
16/07/2019,7
17/07/2019,0
18/07/2019,0
19/07/2019,0
20/07/2019,12
21/07/2019,1
22/07/2019,10
23/07/2019,0
24/07/2019,0
25/07/2019,4
27/07/2019,0
28/07/2019,0
29/07/2019,5
30/07/2019,0
31/07/2019,0
01/08/2019,4
03/08/2019,1
04/08/2019,1
05/08/2019,0
06/08/2019,0
07/08/2019,0
08/08/2019,0
10/08/2019,4
12/08/2019,0
14/08/2019,0
15/08/2019,0
17/08/2019,3
18/08/2019,2
19/08/2019,2
20/08/2019,1
21/08/2019,10
22/08/2019,9
23/08/2019,9
24/08/2019,9
25/08/2019,0
27/08/2019,1
28/08/2019,0
30/08/2019,0
31/08/2019,0
01/09/2019,0
02/09/2019,0
03/09/2019,0
04/09/2019,0
05/09/2019,1
06/09/2019,0
08/09/2019,0
09/09/2019,0
10/09/2019,0
11/09/2019,0
12/09/2019,0
14/09/2019,1
15/09/2019,1
16/09/2019,2
17/09/2019,3
18/09/2019,9
19/09/2019,4
20/09/2019,1
21/09/2019,0
22/09/2019,0
23/09/2019,0
24/09/2019,0
25/09/2019,0
26/09/2019,0
27/09/2019,0
28/09/2019,4
29/09/2019,0
01/10/2019,0
02/10/2019,11
03/10/2019,4
05/10/2019,2
06/10/2019,0
07/10/2019,0
08/10/2019,0
09/10/2019,0
10/10/2019,0
13/10/2019,0
14/10/2019,1
15/10/2019,0
17/10/2019,0
18/10/2019,0
19/10/2019,1
20/10/2019,0
21/10/2019,0
23/10/2019,0
24/10/2019,0
25/10/2019,0
26/10/2019,0
27/10/2019,0
28/10/2019,1
29/10/2019,1
30/10/2019,2
31/10/2019,2
01/11/2019,8
02/11/2019,4
03/11/2019,4
04/11/2019,0
05/11/2019,0
06/11/2019,0
07/11/2019,9
09/11/2019,2
10/11/2019,0
11/11/2019,0
12/11/2019,3
13/11/2019,0
14/11/2019,0
15/11/2019,4
16/11/2019,0
17/11/2019,1
18/11/2019,3
19/11/2019,3
20/11/2019,0
21/11/2019,1
22/11/2019,0
23/11/2019,0
24/11/2019,3
25/11/2019,0
26/11/2019,0
27/11/2019,1
28/11/2019,1
29/11/2019,0
30/11/2019,1
01/12/2019,6
02/12/2019,0
03/12/2019,0
04/12/2019,5
05/12/2019,1
06/12/2019,1
07/12/2019,0
08/12/2019,3
09/12/2019,0
10/12/2019,3
11/12/2019,1
12/12/2019,0
13/12/2019,0
14/12/2019,0
15/12/2019,7
16/12/2019,0
17/12/2019,1
18/12/2019,2
19/12/2019,0
20/12/2019,0
21/12/2019,0
23/12/2019,0
25/12/2019,1
26/12/2019,2
27/12/2019,1
28/12/2019,0
29/12/2019,3
30/12/2019,60
31/12/2019,9
01/01/2020,0
02/01/2020,2
03/01/2020,6
04/01/2020,10
05/01/2020,0
07/01/2020,0
08/01/2020,0
09/01/2020,2
11/01/2020,0
12/01/2020,1
13/01/2020,0
14/01/2020,6
16/01/2020,0
19/01/2020,5
20/01/2020,9
21/01/2020,9
22/01/2020,34
23/01/2020,0
26/01/2020,0
27/01/2020,0
28/01/2020,2
29/01/2020,3
30/01/2020,0
31/01/2020,0
01/02/2020,0
02/02/2020,0
03/02/2020,0
05/02/2020,0
06/02/2020,0
07/02/2020,2
08/02/2020,0
09/02/2020,0
10/02/2020,0
11/02/2020,0
13/02/2020,0
14/02/2020,2
16/02/2020,0
17/02/2020,0
18/02/2020,1
19/02/2020,2
20/02/2020,0
21/02/2020,1
22/02/2020,2
23/02/2020,0
24/02/2020,1
25/02/2020,0
27/02/2020,0
28/02/2020,1
29/02/2020,0
01/03/2020,0
02/03/2020,0
03/03/2020,4
04/03/2020,0
05/03/2020,0
07/03/2020,2
08/03/2020,0
09/03/2020,15
10/03/2020,0
11/03/2020,0
12/03/2020,0
13/03/2020,0
15/03/2020,1
17/03/2020,0
18/03/2020,0
19/03/2020,9
21/03/2020,1
23/03/2020,0
24/03/2020,1
25/03/2020,0
26/03/2020,3
27/03/2020,0
28/03/2020,0
29/03/2020,8
30/03/2020,0
31/03/2020,0
02/04/2020,0
05/04/2020,0
06/04/2020,4
07/04/2020,1
08/04/2020,0
09/04/2020,3
10/04/2020,2
12/04/2020,0
13/04/2020,6
15/04/2020,1
16/04/2020,1
17/04/2020,0
18/04/2020,0
19/04/2020,0
20/04/2020,0
21/04/2020,2
22/04/2020,0
23/04/2020,12
24/04/2020,2
25/04/2020,0
26/04/2020,18
27/04/2020,3
28/04/2020,0
29/04/2020,0
30/04/2020,5
01/05/2020,2
03/05/2020,0
05/05/2020,31
06/05/2020,0
07/05/2020,2
08/05/2020,6
09/05/2020,4
10/05/2020,3
11/05/2020,4
12/05/2020,17
13/05/2020,18
14/05/2020,8
15/05/2020,2
16/05/2020,2
19/05/2020,1
20/05/2020,0
21/05/2020,20
23/05/2020,2
24/05/2020,13
25/05/2020,1
26/05/2020,0
27/05/2020,1
28/05/2020,2
29/05/2020,0
30/05/2020,2
31/05/2020,0
01/06/2020,18
02/06/2020,8
03/06/2020,0
04/06/2020,4
05/06/2020,21
06/06/2020,9
07/06/2020,6
08/06/2020,0
09/06/2020,1
10/06/2020,2
11/06/2020,8
12/06/2020,0
13/06/2020,2
14/06/2020,1
15/06/2020,11
16/06/2020,0
17/06/2020,0
18/06/2020,0
21/06/2020,1
22/06/2020,0
23/06/2020,16
24/06/2020,0
25/06/2020,3
26/06/2020,12
27/06/2020,7
28/06/2020,2
30/06/2020,3
01/07/2020,0
03/07/2020,0
04/07/2020,2
05/07/2020,14
06/07/2020,1
07/07/2020,0
08/07/2020,1
09/07/2020,5
10/07/2020,7
12/07/2020,0
13/07/2020,11
14/07/2020,2
15/07/2020,0
16/07/2020,3
17/07/2020,5
19/07/2020,3
20/07/2020,6
21/07/2020,12
22/07/2020,5
23/07/2020,22
24/07/2020,5
25/07/2020,77
26/07/2020,30
27/07/2020,1
28/07/2020,0
30/07/2020,20
31/07/2020,3
01/08/2020,2
02/08/2020,1
03/08/2020,24
04/08/2020,1
06/08/2020,3
07/08/2020,0
08/08/2020,3
09/08/2020,11
10/08/2020,7
11/08/2020,12
12/08/2020,8
13/08/2020,5
14/08/2020,0
16/08/2020,0
17/08/2020,2
18/08/2020,0
19/08/2020,1
20/08/2020,0
22/08/2020,0
23/08/2020,0
24/08/2020,0
25/08/2020,1
26/08/2020,1
27/08/2020,5
28/08/2020,0
30/08/2020,0
31/08/2020,0
01/09/2020,1
02/09/2020,0
03/09/2020,0
04/09/2020,2
05/09/2020,0
07/09/2020,1
10/09/2020,6
13/09/2020,0
14/09/2020,0
17/09/2020,2
19/09/2020,0
20/09/2020,0
21/09/2020,1
23/09/2020,0
24/09/2020,6
25/09/2020,0
26/09/2020,1
27/09/2020,1
28/09/2020,0
29/09/2020,1
30/09/2020,1
01/10/2020,0
02/10/2020,3
03/10/2020,0
04/10/2020,0
05/10/2020,1
06/10/2020,4
07/10/2020,3
08/10/2020,1
09/10/2020,0
11/10/2020,0
12/10/2020,0
13/10/2020,2
14/10/2020,8
15/10/2020,8
16/10/2020,1
17/10/2020,4
18/10/2020,0
19/10/2020,0
20/10/2020,8
21/10/2020,8
22/10/2020,2
23/10/2020,0
25/10/2020,0
26/10/2020,0
27/10/2020,2
28/10/2020,1
29/10/2020,0
30/10/2020,0
31/10/2020,0
01/11/2020,0
03/11/2020,0
04/11/2020,1
05/11/2020,0
06/11/2020,0
07/11/2020,4
08/11/2020,0
09/11/2020,0
10/11/2020,0
11/11/2020,0
12/11/2020,0
13/11/2020,1
15/11/2020,1
18/11/2020,0
19/11/2020,0
21/11/2020,1
22/11/2020,0
23/11/2020,1
24/11/2020,3
25/11/2020,2
26/11/2020,0
28/11/2020,0
29/11/2020,1
30/11/2020,0
01/12/2020,2
02/12/2020,2
03/12/2020,1
05/12/2020,2
07/12/2020,1
08/12/2020,0
09/12/2020,0
10/12/2020,1
11/12/2020,1
12/12/2020,11
13/12/2020,0
14/12/2020,0
15/12/2020,4
16/12/2020,1
17/12/2020,3
18/12/2020,0
19/12/2020,2
20/12/2020,0
21/12/2020,0
22/12/2020,1
23/12/2020,0
24/12/2020,0
25/12/2020,0
26/12/2020,16
27/12/2020,0
28/12/2020,5
29/12/2020,4
30/12/2020,4
31/12/2020,0
01/01/2021,0
02/01/2021,1
03/01/2021,0
04/01/2021,1
05/01/2021,1
06/01/2021,4
07/01/2021,0
09/01/2021,2
10/01/2021,0
11/01/2021,7
12/01/2021,1
13/01/2021,1
14/01/2021,0
15/01/2021,0
16/01/2021,84
17/01/2021,82
18/01/2021,72
19/01/2021,0
20/01/2021,0
21/01/2021,0
22/01/2021,0
23/01/2021,2
24/01/2021,14
25/01/2021,0
27/01/2021,3
28/01/2021,0
29/01/2021,0
30/01/2021,0
31/01/2021,18
01/02/2021,0
02/02/2021,0
03/02/2021,0
04/02/2021,67
06/02/2021,2
07/02/2021,0
08/02/2021,2
09/02/2021,3
10/02/2021,7
11/02/2021,3
12/02/2021,0
13/02/2021,3
14/02/2021,10
15/02/2021,0
16/02/2021,0
17/02/2021,0
18/02/2021,0
19/02/2021,1
20/02/2021,0
21/02/2021,5
22/02/2021,0
23/02/2021,0
24/02/2021,0
25/02/2021,0
26/02/2021,6
28/02/2021,1
01/03/2021,12
02/03/2021,8
03/03/2021,15
04/03/2021,8
06/03/2021,0
07/03/2021,0
08/03/2021,0
09/03/2021,0
10/03/2021,3
11/03/2021,0
12/03/2021,0
13/03/2021,1
14/03/2021,1
15/03/2021,0
16/03/2021,0
17/03/2021,0
18/03/2021,0
20/03/2021,0
21/03/2021,2
22/03/2021,1
23/03/2021,1
24/03/2021,3
25/03/2021,1
26/03/2021,0
27/03/2021,0
28/03/2021,6
29/03/2021,2
30/03/2021,0
31/03/2021,0
01/04/2021,10
02/04/2021,6
03/04/2021,40
04/04/2021,36
05/04/2021,36
06/04/2021,37
07/04/2021,1
08/04/2021,1
09/04/2021,4
10/04/2021,1
11/04/2021,1
12/04/2021,7
14/04/2021,0
15/04/2021,1
17/04/2021,3
18/04/2021,4
19/04/2021,0
20/04/2021,0
21/04/2021,0
23/04/2021,0
24/04/2021,5
25/04/2021,3
26/04/2021,2
27/04/2021,2
28/04/2021,4
29/04/2021,0
30/04/2021,1
02/05/2021,0
03/05/2021,1
04/05/2021,1
05/05/2021,1
06/05/2021,2
08/05/2021,0
09/05/2021,0
10/05/2021,1
11/05/2021,2
12/05/2021,14
13/05/2021,6
14/05/2021,9
16/05/2021,11
17/05/2021,3
18/05/2021,0
19/05/2021,6
20/05/2021,3
21/05/2021,6
22/05/2021,0
23/05/2021,0
24/05/2021,4
25/05/2021,1
26/05/2021,12
27/05/2021,0
28/05/2021,5
29/05/2021,12
30/05/2021,0
31/05/2021,2
01/06/2021,5
02/06/2021,1
03/06/2021,1
05/06/2021,52
06/06/2021,6
07/06/2021,0
08/06/2021,0
09/06/2021,6
10/06/2021,2
11/06/2021,0
12/06/2021,1
13/06/2021,18
14/06/2021,16
15/06/2021,8
16/06/2021,0
17/06/2021,1
18/06/2021,2
19/06/2021,6
20/06/2021,2
21/06/2021,0
22/06/2021,0
23/06/2021,1
24/06/2021,0
25/06/2021,2
26/06/2021,0
27/06/2021,4
28/06/2021,1
29/06/2021,1
30/06/2021,3
01/07/2021,10
02/07/2021,8
03/07/2021,10
04/07/2021,9
05/07/2021,6
06/07/2021,1
07/07/2021,10
08/07/2021,8
09/07/2021,20
10/07/2021,9
11/07/2021,0
12/07/2021,0
13/07/2021,2
14/07/2021,3
15/07/2021,6
16/07/2021,3
17/07/2021,10
18/07/2021,9
19/07/2021,13
20/07/2021,0
21/07/2021,1
22/07/2021,0
23/07/2021,0
24/07/2021,3
25/07/2021,3
26/07/2021,7
27/07/2021,0
28/07/2021,10
29/07/2021,10
30/07/2021,0
31/07/2021,2
01/08/2021,1
02/08/2021,2
03/08/2021,3
04/08/2021,1
05/08/2021,6
06/08/2021,13
07/08/2021,2
08/08/2021,4
09/08/2021,1
10/08/2021,2
11/08/2021,15
12/08/2021,0
15/08/2021,2
17/08/2021,1
18/08/2021,3
19/08/2021,0
20/08/2021,0
21/08/2021,0
22/08/2021,1
23/08/2021,0
24/08/2021,0
25/08/2021,2
26/08/2021,0
27/08/2021,0
28/08/2021,0
29/08/2021,2
31/08/2021,5
01/09/2021,2
02/09/2021,2
03/09/2021,2
04/09/2021,1
05/09/2021,0
06/09/2021,0
07/09/2021,0
09/09/2021,0
10/09/2021,5
11/09/2021,11
12/09/2021,0
13/09/2021,0
14/09/2021,6
15/09/2021,3
16/09/2021,0
17/09/2021,0
18/09/2021,2
19/09/2021,0
20/09/2021,0
21/09/2021,0
22/09/2021,0
23/09/2021,1
24/09/2021,0
25/09/2021,1
26/09/2021,1
27/09/2021,0
28/09/2021,6
29/09/2021,1
30/09/2021,1
02/10/2021,4
03/10/2021,1
04/10/2021,12
05/10/2021,5
06/10/2021,0
07/10/2021,5
08/10/2021,7
09/10/2021,4
10/10/2021,1
11/10/2021,2
12/10/2021,0
14/10/2021,1
16/10/2021,0
17/10/2021,0
18/10/2021,2
19/10/2021,1
20/10/2021,0
21/10/2021,2
22/10/2021,4
24/10/2021,0
25/10/2021,10
26/10/2021,4
27/10/2021,4
28/10/2021,2
30/10/2021,9
31/10/2021,1
01/11/2021,3
02/11/2021,0
03/11/2021,0
04/11/2021,0
05/11/2021,2
06/11/2021,5
07/11/2021,2
08/11/2021,0
09/11/2021,0
10/11/2021,15
11/11/2021,3
12/11/2021,1
13/11/2021,11
14/11/2021,1
15/11/2021,1
16/11/2021,0
17/11/2021,56
18/11/2021,26
19/11/2021,7
20/11/2021,7
21/11/2021,2
22/11/2021,3
24/11/2021,6
25/11/2021,4
27/11/2021,25
28/11/2021,1
29/11/2021,2
30/11/2021,4
01/12/2021,11
02/12/2021,4
04/12/2021,0
05/12/2021,81
06/12/2021,4
07/12/2021,3
08/12/2021,32
09/12/2021,8
10/12/2021,10
11/12/2021,2
12/12/2021,1
13/12/2021,1
14/12/2021,1
15/12/2021,0
16/12/2021,1
17/12/2021,0
18/12/2021,1
19/12/2021,3
21/12/2021,1
22/12/2021,3
23/12/2021,0
24/12/2021,1
25/12/2021,1
26/12/2021,3
27/12/2021,1
28/12/2021,3
29/12/2021,1
30/12/2021,8
31/12/2021,6
02/01/2022,9
03/01/2022,2
04/01/2022,0
05/01/2022,0
06/01/2022,3
08/01/2022,0
09/01/2022,3
10/01/2022,0
11/01/2022,0
12/01/2022,1
13/01/2022,5
14/01/2022,0
15/01/2022,5
16/01/2022,0
17/01/2022,8
18/01/2022,0
19/01/2022,6
20/01/2022,7
21/01/2022,4
22/01/2022,3
23/01/2022,2
24/01/2022,6
25/01/2022,0
26/01/2022,0
27/01/2022,1
28/01/2022,0
29/01/2022,0
30/01/2022,1
31/01/2022,1
01/02/2022,0
02/02/2022,0
03/02/2022,7
04/02/2022,0
05/02/2022,4
06/02/2022,0
07/02/2022,2
08/02/2022,3
09/02/2022,2
10/02/2022,10
11/02/2022,7
12/02/2022,2
13/02/2022,0
14/02/2022,2
15/02/2022,0
16/02/2022,0
17/02/2022,11
18/02/2022,0
20/02/2022,2
21/02/2022,4
22/02/2022,2
23/02/2022,0
24/02/2022,0
25/02/2022,1
26/02/2022,3
27/02/2022,1
28/02/2022,2
01/03/2022,1
02/03/2022,2
03/03/2022,2
05/03/2022,9
06/03/2022,37
07/03/2022,8
08/03/2022,1
09/03/2022,0
10/03/2022,23
11/03/2022,1
12/03/2022,0
13/03/2022,5
14/03/2022,0
15/03/2022,0
16/03/2022,5
17/03/2022,1
18/03/2022,3
19/03/2022,4
20/03/2022,1
21/03/2022,1
22/03/2022,0
23/03/2022,6
24/03/2022,1
25/03/2022,10
26/03/2022,0
27/03/2022,0
28/03/2022,0
29/03/2022,42
30/03/2022,1
31/03/2022,11
01/04/2022,0
02/04/2022,5
03/04/2022,0
04/04/2022,0
05/04/2022,0
06/04/2022,2
07/04/2022,8
08/04/2022,0
09/04/2022,7
10/04/2022,9
11/04/2022,5
12/04/2022,4
13/04/2022,42
14/04/2022,1
15/04/2022,10
16/04/2022,2
17/04/2022,1
18/04/2022,1
19/04/2022,0
20/04/2022,6
21/04/2022,0
22/04/2022,55
23/04/2022,50
24/04/2022,50
25/04/2022,54
26/04/2022,3
27/04/2022,1
28/04/2022,1
29/04/2022,3
30/04/2022,0
02/05/2022,0
03/05/2022,0
04/05/2022,4
05/05/2022,3
06/05/2022,6
07/05/2022,7
08/05/2022,4
09/05/2022,0
10/05/2022,1
11/05/2022,4
12/05/2022,3
13/05/2022,3
14/05/2022,3
15/05/2022,1
16/05/2022,8
17/05/2022,1
18/05/2022,5
19/05/2022,0
20/05/2022,0
21/05/2022,6
22/05/2022,8
23/05/2022,4
24/05/2022,5
25/05/2022,0
26/05/2022,3
27/05/2022,0
28/05/2022,4
29/05/2022,1
30/05/2022,4
31/05/2022,3
01/06/2022,1
02/06/2022,5
03/06/2022,1
04/06/2022,5
05/06/2022,3
06/06/2022,40
07/06/2022,33
08/06/2022,22
09/06/2022,21
10/06/2022,23
11/06/2022,29
12/06/2022,0
13/06/2022,0
14/06/2022,1
15/06/2022,3
16/06/2022,6
17/06/2022,2
18/06/2022,6
19/06/2022,4
20/06/2022,0
21/06/2022,17
22/06/2022,10
23/06/2022,0
24/06/2022,7
25/06/2022,19
26/06/2022,2
27/06/2022,2
28/06/2022,0
29/06/2022,2
30/06/2022,9
01/07/2022,0
02/07/2022,4
03/07/2022,4
04/07/2022,2
05/07/2022,3
06/07/2022,2
07/07/2022,3
08/07/2022,0
09/07/2022,0
10/07/2022,19
11/07/2022,21
12/07/2022,1
13/07/2022,19
14/07/2022,19
15/07/2022,33
16/07/2022,36
17/07/2022,18
18/07/2022,2
19/07/2022,7
20/07/2022,18
21/07/2022,1
22/07/2022,0
23/07/2022,5
24/07/2022,0
25/07/2022,1
26/07/2022,1
27/07/2022,1
28/07/2022,1
29/07/2022,0
30/07/2022,1
31/07/2022,0
01/08/2022,3
02/08/2022,5
03/08/2022,2
04/08/2022,31
05/08/2022,5
06/08/2022,3
07/08/2022,7
08/08/2022,2
09/08/2022,0
10/08/2022,0
11/08/2022,0
12/08/2022,2
13/08/2022,0
14/08/2022,6
15/08/2022,13
16/08/2022,0
17/08/2022,2
18/08/2022,2
19/08/2022,0
20/08/2022,0
21/08/2022,0
22/08/2022,2
23/08/2022,0
24/08/2022,0
25/08/2022,0
26/08/2022,0
27/08/2022,0
28/08/2022,0
29/08/2022,6
30/08/2022,0
31/08/2022,1
01/09/2022,7
02/09/2022,16
03/09/2022,0
04/09/2022,0
05/09/2022,4
06/09/2022,1
07/09/2022,6
08/09/2022,0
09/09/2022,0
10/09/2022,0
11/09/2022,5
12/09/2022,3
13/09/2022,0
14/09/2022,2
15/09/2022,0
16/09/2022,0
17/09/2022,3
18/09/2022,1
19/09/2022,4
20/09/2022,2
21/09/2022,3
22/09/2022,0
23/09/2022,0
24/09/2022,3
25/09/2022,11
26/09/2022,0
27/09/2022,0
28/09/2022,0
29/09/2022,0
30/09/2022,0
01/10/2022,1
02/10/2022,0
03/10/2022,20
04/10/2022,0
05/10/2022,2
06/10/2022,0
07/10/2022,2
08/10/2022,2
09/10/2022,0
10/10/2022,32
11/10/2022,0
12/10/2022,3
13/10/2022,24
14/10/2022,21
15/10/2022,15
16/10/2022,1
17/10/2022,15
18/10/2022,29
19/10/2022,127
20/10/2022,110
21/10/2022,11
22/10/2022,10
23/10/2022,3
24/10/2022,0
25/10/2022,6
26/10/2022,0
27/10/2022,1
28/10/2022,0
29/10/2022,0
30/10/2022,0
31/10/2022,0
01/11/2022,8
02/11/2022,1
03/11/2022,5
04/11/2022,1
05/11/2022,8
06/11/2022,1
07/11/2022,5
08/11/2022,3
09/11/2022,48
10/11/2022,0
11/11/2022,2
12/11/2022,26
13/11/2022,2
14/11/2022,0
15/11/2022,0
16/11/2022,1
17/11/2022,6
18/11/2022,2
19/11/2022,15
20/11/2022,5
21/11/2022,0
22/11/2022,0
23/11/2022,1
24/11/2022,1
25/11/2022,0
26/11/2022,0
27/11/2022,4
28/11/2022,6
29/11/2022,0
30/11/2022,2
01/12/2022,0
02/12/2022,6
03/12/2022,3
04/12/2022,3
05/12/2022,0
06/12/2022,1
07/12/2022,4
08/12/2022,0
09/12/2022,3
10/12/2022,23
11/12/2022,0
12/12/2022,0
13/12/2022,0
14/12/2022,6
15/12/2022,1
16/12/2022,0
17/12/2022,0
18/12/2022,1
19/12/2022,0
20/12/2022,5
21/12/2022,7
22/12/2022,1
23/12/2022,21
24/12/2022,4
25/12/2022,0
26/12/2022,0
27/12/2022,9
28/12/2022,6
29/12/2022,3
30/12/2022,0
31/12/2022,2
01/01/2023,0
02/01/2023,13
03/01/2023,2
04/01/2023,2
05/01/2023,0
06/01/2023,3
07/01/2023,1
08/01/2023,2
09/01/2023,3
10/01/2023,0
11/01/2023,0
12/01/2023,1
13/01/2023,9
14/01/2023,2
15/01/2023,1
16/01/2023,0
17/01/2023,0
18/01/2023,1
19/01/2023,1
20/01/2023,1
21/01/2023,0
22/01/2023,1
23/01/2023,7
24/01/2023,7
25/01/2023,3
26/01/2023,1
27/01/2023,1
28/01/2023,0
29/01/2023,2
30/01/2023,1
31/01/2023,1
01/02/2023,2
02/02/2023,1
03/02/2023,0
04/02/2023,0
05/02/2023,0
06/02/2023,7
07/02/2023,2
08/02/2023,0
09/02/2023,1
10/02/2023,0
11/02/2023,0
12/02/2023,2
13/02/2023,6
14/02/2023,1
15/02/2023,0
16/02/2023,0
17/02/2023,1
18/02/2023,2
19/02/2023,1
20/02/2023,2
21/02/2023,0
22/02/2023,2
23/02/2023,0
24/02/2023,1
25/02/2023,4
26/02/2023,3
27/02/2023,0
28/02/2023,8
01/03/2023,0
02/03/2023,3
03/03/2023,3
04/03/2023,0
05/03/2023,3
06/03/2023,0
07/03/2023,0
08/03/2023,2
09/03/2023,3
10/03/2023,0
11/03/2023,4
12/03/2023,0
13/03/2023,0
14/03/2023,2
15/03/2023,0
16/03/2023,0
17/03/2023,3
18/03/2023,2
19/03/2023,4
20/03/2023,0
21/03/2023,1
22/03/2023,1
23/03/2023,4
24/03/2023,2
25/03/2023,5
26/03/2023,2
27/03/2023,3
28/03/2023,4
29/03/2023,0
30/03/2023,0
31/03/2023,10
01/04/2023,0
02/04/2023,6
03/04/2023,2
04/04/2023,3
05/04/2023,5
06/04/2023,6
07/04/2023,15
08/04/2023,4
09/04/2023,3
10/04/2023,20
11/04/2023,27
12/04/2023,10
13/04/2023,12
14/04/2023,0
15/04/2023,105
16/04/2023,20
17/04/2023,73
18/04/2023,44
19/04/2023,29
20/04/2023,86
21/04/2023,39
22/04/2023,26
23/04/2023,36
24/04/2023,171
25/04/2023,116
26/04/2023,73
27/04/2023,116
28/04/2023,61
29/04/2023,36
30/04/2023,62
01/05/2023,26
02/05/2023,14
03/05/2023,37
04/05/2023,19
05/05/2023,7
06/05/2023,18
07/05/2023,39
08/05/2023,36
09/05/2023,14
10/05/2023,4
11/05/2023,2
12/05/2023,369
13/05/2023,244
14/05/2023,247
15/05/2023,102
16/05/2023,25
17/05/2023,53
18/05/2023,64
19/05/2023,31
20/05/2023,26
21/05/2023,88
22/05/2023,5
23/05/2023,7
24/05/2023,31
25/05/2023,21
26/05/2023,76
27/05/2023,34
28/05/2023,43
29/05/2023,16
30/05/2023,5
31/05/2023,26
01/06/2023,79
02/06/2023,18
03/06/2023,23
04/06/2023,36
05/06/2023,39
06/06/2023,55
07/06/2023,43
08/06/2023,47
09/06/2023,18
10/06/2023,24
11/06/2023,144
12/06/2023,164
13/06/2023,46
14/06/2023,414
15/06/2023,606
16/06/2023,121
17/06/2023,106
18/06/2023,21
19/06/2023,24
20/06/2023,5
21/06/2023,72
22/06/2023,23
23/06/2023,41
24/06/2023,49
25/06/2023,63
26/06/2023,9
27/06/2023,65
28/06/2023,8
29/06/2023,3
30/06/2023,23
01/07/2023,50
02/07/2023,28
03/07/2023,19
04/07/2023,37
05/07/2023,14
06/07/2023,57
07/07/2023,40
08/07/2023,109
09/07/2023,32
10/07/2023,56
11/07/2023,21
12/07/2023,3
13/07/2023,10
14/07/2023,100
15/07/2023,23
16/07/2023,37
17/07/2023,46
18/07/2023,3
19/07/2023,39
20/07/2023,48
21/07/2023,36
22/07/2023,134
23/07/2023,22
24/07/2023,166
25/07/2023,118
26/07/2023,34
27/07/2023,37
28/07/2023,62
29/07/2023,76
30/07/2023,110
31/07/2023,48
01/08/2023,46
02/08/2023,13
03/08/2023,31
04/08/2023,54
05/08/2023,36
06/08/2023,12
07/08/2023,35
08/08/2023,362
09/08/2023,138
10/08/2023,55
11/08/2023,56
12/08/2023,55
13/08/2023,33
14/08/2023,51
15/08/2023,64
16/08/2023,109
17/08/2023,66
18/08/2023,65
19/08/2023,91
20/08/2023,160
21/08/2023,323
22/08/2023,136
23/08/2023,70
24/08/2023,16
25/08/2023,71
26/08/2023,26
27/08/2023,47
28/08/2023,25
29/08/2023,56
30/08/2023,65
31/08/2023,142
01/09/2023,8
02/09/2023,90
03/09/2023,138
04/09/2023,38
05/09/2023,92
06/09/2023,13
07/09/2023,47
08/09/2023,19
09/09/2023,66
10/09/2023,107
11/09/2023,13
12/09/2023,104
13/09/2023,75
14/09/2023,42
15/09/2023,20
16/09/2023,11
17/09/2023,20
18/09/2023,105
19/09/2023,3
20/09/2023,400
21/09/2023,14
22/09/2023,3
23/09/2023,73
24/09/2023,24
25/09/2023,40
26/09/2023,14
27/09/2023,49
28/09/2023,37
29/09/2023,13
30/09/2023,50
01/10/2023,13
02/10/2023,15
03/10/2023,78
04/10/2023,25
05/10/2023,114
06/10/2023,129
07/10/2023,141
08/10/2023,14
09/10/2023,83
10/10/2023,22
11/10/2023,21
12/10/2023,0
13/10/2023,48
14/10/2023,97
15/10/2023,20
16/10/2023,72
17/10/2023,25
18/10/2023,33
19/10/2023,22
20/10/2023,21
21/10/2023,15
22/10/2023,52
23/10/2023,46
24/10/2023,53
25/10/2023,46
26/10/2023,34
27/10/2023,2
28/10/2023,42
29/10/2023,30
30/10/2023,48
31/10/2023,25
01/11/2023,64
02/11/2023,51
03/11/2023,244
04/11/2023,1024
05/11/2023,213
06/11/2023,215
07/11/2023,13
08/11/2023,95
09/11/2023,20
10/11/2023,9
11/11/2023,6
12/11/2023,62
13/11/2023,58
14/11/2023,26
15/11/2023,13
16/11/2023,47
17/11/2023,12
18/11/2023,59
19/11/2023,31
20/11/2023,56
21/11/2023,24
22/11/2023,26
23/11/2023,4
24/11/2023,37
25/11/2023,6
26/11/2023,12
27/11/2023,8
28/11/2023,19
29/11/2023,1
30/11/2023,0
01/12/2023,9
02/12/2023,18
03/12/2023,17
04/12/2023,9
05/12/2023,24
06/12/2023,96
07/12/2023,22
08/12/2023,3
09/12/2023,17
10/12/2023,3
11/12/2023,41
12/12/2023,12
13/12/2023,31
14/12/2023,36
15/12/2023,21
16/12/2023,32
17/12/2023,46
18/12/2023,42
19/12/2023,48
20/12/2023,10
21/12/2023,13
22/12/2023,1
23/12/2023,26
24/12/2023,25
25/12/2023,19
26/12/2023,2
27/12/2023,5
28/12/2023,53
29/12/2023,19
30/12/2023,13
31/12/2023,28
01/01/2024,0
02/01/2024,9
03/01/2024,9
04/01/2024,8
05/01/2024,15
06/01/2024,34
07/01/2024,16
08/01/2024,22
09/01/2024,49
10/01/2024,57
11/01/2024,25
12/01/2024,37
13/01/2024,21
14/01/2024,26
15/01/2024,20
16/01/2024,2
17/01/2024,15
18/01/2024,5
19/01/2024,22
20/01/2024,7
21/01/2024,41
22/01/2024,49
23/01/2024,21
24/01/2024,90
25/01/2024,22
26/01/2024,25
27/01/2024,96
28/01/2024,48
29/01/2024,61
30/01/2024,37
31/01/2024,3
01/02/2024,25
02/02/2024,8
03/02/2024,22
04/02/2024,51
05/02/2024,11
06/02/2024,14
07/02/2024,9
08/02/2024,15
09/02/2024,61
10/02/2024,60
11/02/2024,32
12/02/2024,37
13/02/2024,4
14/02/2024,6
15/02/2024,45
16/02/2024,0
17/02/2024,35
18/02/2024,66
19/02/2024,110
20/02/2024,22
21/02/2024,57
22/02/2024,40
23/02/2024,46
24/02/2024,29
25/02/2024,25
26/02/2024,27
27/02/2024,24
28/02/2024,3
29/02/2024,31
01/03/2024,45
02/03/2024,49
03/03/2024,32
04/03/2024,11
05/03/2024,8
06/03/2024,12
07/03/2024,13
08/03/2024,5
09/03/2024,20
10/03/2024,35
11/03/2024,20
12/03/2024,22
13/03/2024,10
14/03/2024,36
15/03/2024,25
16/03/2024,38
17/03/2024,16
18/03/2024,29
19/03/2024,20
20/03/2024,23
21/03/2024,19
22/03/2024,26
23/03/2024,11
24/03/2024,16
25/03/2024,15
26/03/2024,35
27/03/2024,56
28/03/2024,2
29/03/2024,59
30/03/2024,50
31/03/2024,13
01/04/2024,12
02/04/2024,14
03/04/2024,17
04/04/2024,19
05/04/2024,62
06/04/2024,92
07/04/2024,26
08/04/2024,29
09/04/2024,22
10/04/2024,8
11/04/2024,30
12/04/2024,10
13/04/2024,46
14/04/2024,67
15/04/2024,36
16/04/2024,33
17/04/2024,52
18/04/2024,60
19/04/2024,20
20/04/2024,34
21/04/2024,43
22/04/2024,4
23/04/2024,9
24/04/2024,5
25/04/2024,14
26/04/2024,18
27/04/2024,6
28/04/2024,17
29/04/2024,13
30/04/2024,29
01/05/2024,5
02/05/2024,4
03/05/2024,15
04/05/2024,22
05/05/2024,5
06/05/2024,13
07/05/2024,50
08/05/2024,37
09/05/2024,8
10/05/2024,52
11/05/2024,24
12/05/2024,60
13/05/2024,53
14/05/2024,16
15/05/2024,42
16/05/2024,7
17/05/2024,23
18/05/2024,35
19/05/2024,20
20/05/2024,33
21/05/2024,41
22/05/2024,54
23/05/2024,18
24/05/2024,59
25/05/2024,84
26/05/2024,50
27/05/2024,5
28/05/2024,23
29/05/2024,41
30/05/2024,18
31/05/2024,32
01/06/2024,46
02/06/2024,42
03/06/2024,47
04/06/2024,24
05/06/2024,117
06/06/2024,74
07/06/2024,39
08/06/2024,31
09/06/2024,86
10/06/2024,10
11/06/2024,57
12/06/2024,8
13/06/2024,56
14/06/2024,38
15/06/2024,12
16/06/2024,12
17/06/2024,45
18/06/2024,36
19/06/2024,109
20/06/2024,46
21/06/2024,17
22/06/2024,22
23/06/2024,18
24/06/2024,39
25/06/2024,46
26/06/2024,16
27/06/2024,10
28/06/2024,20
29/06/2024,56
30/06/2024,19
01/07/2024,30
02/07/2024,29
03/07/2024,31
04/07/2024,25
05/07/2024,19
06/07/2024,28
07/07/2024,23
08/07/2024,5
09/07/2024,4
10/07/2024,10
11/07/2024,36
12/07/2024,44
13/07/2024,44
14/07/2024,105
15/07/2024,11
16/07/2024,9
17/07/2024,8
18/07/2024,17
19/07/2024,9
20/07/2024,18
21/07/2024,67
22/07/2024,42
23/07/2024,20
24/07/2024,49
25/07/2024,2
26/07/2024,90
27/07/2024,24
28/07/2024,25
29/07/2024,22
30/07/2024,17
31/07/2024,41
01/08/2024,16
02/08/2024,32
03/08/2024,33
04/08/2024,11
05/08/2024,7
06/08/2024,1
07/08/2024,12
08/08/2024,29
09/08/2024,25
10/08/2024,167
11/08/2024,24
12/08/2024,13
13/08/2024,18
14/08/2024,11
15/08/2024,16
16/08/2024,48
17/08/2024,18
18/08/2024,4
19/08/2024,21
20/08/2024,38
21/08/2024,36
22/08/2024,37
23/08/2024,23
24/08/2024,2
25/08/2024,12
26/08/2024,31
27/08/2024,13
28/08/2024,14
29/08/2024,28
30/08/2024,18
31/08/2024,37
01/09/2024,16
02/09/2024,42
03/09/2024,22
04/09/2024,22
05/09/2024,11
06/09/2024,7
07/09/2024,22
08/09/2024,85
09/09/2024,36
10/09/2024,3
11/09/2024,19
12/09/2024,132
13/09/2024,10
14/09/2024,38
15/09/2024,25
16/09/2024,74
17/09/2024,20
18/09/2024,15
19/09/2024,18
20/09/2024,133
21/09/2024,114
22/09/2024,26
23/09/2024,29
24/09/2024,26
25/09/2024,50
26/09/2024,89
27/09/2024,24
28/09/2024,37
29/09/2024,48
30/09/2024,79
01/10/2024,557
02/10/2024,23
03/10/2024,15
04/10/2024,71
